-- --------------------------------------------------------
-- Host:                         127.0.0.1
-- Server version:               5.5.24-log - MySQL Community Server (GPL)
-- Server OS:                    Win64
-- HeidiSQL Verzió:              8.0.0.4482
-- --------------------------------------------------------

/*!40101 SET @OLD_CHARACTER_SET_CLIENT=@@CHARACTER_SET_CLIENT */;
/*!40101 SET NAMES utf8 */;
/*!40014 SET @OLD_FOREIGN_KEY_CHECKS=@@FOREIGN_KEY_CHECKS, FOREIGN_KEY_CHECKS=0 */;
/*!40101 SET @OLD_SQL_MODE=@@SQL_MODE, SQL_MODE='NO_AUTO_VALUE_ON_ZERO' */;

-- Dumping structure for tábla quizzer.content
CREATE TABLE IF NOT EXISTS `content` (
  `id` int(10) NOT NULL AUTO_INCREMENT,
  `title_hu` varchar(100) DEFAULT NULL,
  `slug_hu` varchar(100) DEFAULT NULL,
  `metaKey_hu` varchar(160) DEFAULT NULL,
  `metaDesc_hu` varchar(260) DEFAULT NULL,
  `linkAlt_hu` varchar(260) DEFAULT NULL,
  `content_hu` text,
  `title_de` varchar(100) DEFAULT NULL,
  `slug_de` varchar(100) DEFAULT NULL,
  `metaKey_de` varchar(160) DEFAULT NULL,
  `metaDesc_de` varchar(260) DEFAULT NULL,
  `linkAlt_de` varchar(260) DEFAULT NULL,
  `content_de` text,
  PRIMARY KEY (`id`),
  UNIQUE KEY `slug_hu` (`slug_hu`),
  UNIQUE KEY `slug_de` (`slug_de`)
) ENGINE=InnoDB AUTO_INCREMENT=3 DEFAULT CHARSET=utf8 ROW_FORMAT=COMPACT;

-- Dumping data for table quizzer.content: ~2 rows (approximately)
DELETE FROM `content`;
/*!40000 ALTER TABLE `content` DISABLE KEYS */;
INSERT INTO `content` (`id`, `title_hu`, `slug_hu`, `metaKey_hu`, `metaDesc_hu`, `linkAlt_hu`, `content_hu`, `title_de`, `slug_de`, `metaKey_de`, `metaDesc_de`, `linkAlt_de`, `content_de`) VALUES
	(1, 'asfasdf', 'asfasdf', 'asdfasdf', 'sadfsadf', 'asdfasdf', '&amp;lt;p&amp;gt;asfasfasdfasdfadadadasdasdasdasdasdasdasdasdasdasd&amp;lt;/p&amp;gt;&amp;lt;p&amp;gt;afgasdfasdf&amp;lt;/p&amp;gt;&amp;lt;p&amp;gt;asdfasdfasf&amp;lt;/p&amp;gt;&amp;lt;p&amp;gt;fgasfsafasdfsaf&amp;lt;/p&amp;gt;', 'asdfasdf', 'asdfasdf', 'asdfasdf', 'sdfasdf', 'sdfasdf', '&amp;lt;p&amp;gt;asdfasfasdfasdf&amp;lt;/p&amp;gt;'),
	(2, '123123', '123123', 'asdfasdf', 'asdfasdf', 'asdfasdf', '&amp;lt;p&amp;gt;asdfasfasfdasf&amp;lt;/p&amp;gt;&amp;lt;p&amp;gt;asdf&amp;lt;/p&amp;gt;&amp;lt;p&amp;gt;as&amp;lt;/p&amp;gt;&amp;lt;p&amp;gt;fas&amp;lt;/p&amp;gt;&amp;lt;p&amp;gt;df&amp;lt;/p&amp;gt;&amp;lt;p&amp;gt;asdf&amp;lt;/p&amp;gt;&amp;lt;p&amp;gt;asdf&amp;lt;/p&amp;gt;&amp;lt;p&amp;gt;asdfasdfasdfasdfasdf&amp;lt;/p&amp;gt;', '123123123123', '123123123123', 'adf', 'sfasdfsa', 'asfasfasf', '&amp;lt;p&amp;gt;asdfasfasfasdfasfasdfasfdasfasfdsf&amp;lt;/p&amp;gt;');
/*!40000 ALTER TABLE `content` ENABLE KEYS */;


-- Dumping structure for tábla quizzer.content_fixed
CREATE TABLE IF NOT EXISTS `content_fixed` (
  `id` int(10) NOT NULL AUTO_INCREMENT,
  `title_hu` varchar(100) DEFAULT NULL,
  `content_hu` text,
  `title_de` varchar(100) DEFAULT NULL,
  `content_de` text,
  PRIMARY KEY (`id`)
) ENGINE=InnoDB AUTO_INCREMENT=2 DEFAULT CHARSET=utf8 ROW_FORMAT=COMPACT;

-- Dumping data for table quizzer.content_fixed: ~1 rows (approximately)
DELETE FROM `content_fixed`;
/*!40000 ALTER TABLE `content_fixed` DISABLE KEYS */;
INSERT INTO `content_fixed` (`id`, `title_hu`, `content_hu`, `title_de`, `content_de`) VALUES
	(1, 'Scratch &amp;amp; Win', '&amp;lt;p&amp;gt;A v&amp;amp;aacute;s&amp;amp;aacute;rl&amp;amp;aacute;skori minimum jegy&amp;amp;aacute;rak a napi &amp;amp;aacute;rfolyamingadoz&amp;amp;aacute;snak k&amp;amp;ouml;sz&amp;amp;ouml;nhetően minim&amp;amp;aacute;lisan elt&amp;amp;eacute;rhetnek ezen a fel&amp;amp;uuml;leten meghirdetett &amp;amp;aacute;rakt&amp;amp;oacute;l. A meghirdetett &amp;amp;aacute;ron &amp;amp;eacute;s utaz&amp;amp;aacute;si időszakban a rep&amp;amp;uuml;lőjegyek sz&amp;amp;aacute;ma korl&amp;amp;aacute;tozott, azok a j&amp;amp;aacute;rat kapacit&amp;amp;aacute;s&amp;amp;aacute;nak &amp;amp;eacute;s a foglal&amp;amp;aacute;sok gyakoris&amp;amp;aacute;g&amp;amp;aacute;nak f&amp;amp;uuml;ggv&amp;amp;eacute;ny&amp;amp;eacute;ben &amp;amp;aacute;llnak rendelkez&amp;amp;eacute;sre, ez&amp;amp;eacute;rt &amp;amp;eacute;rdemes a foglal&amp;amp;aacute;st a kupon birtok&amp;amp;aacute;ban min&amp;amp;eacute;l hamarabb megkezdeni! Ha a megv&amp;amp;aacute;s&amp;amp;aacute;rolt Kapcsolat pontkuponnal nem tal&amp;amp;aacute;l &amp;amp;Ouml;nnek megfelelő rep&amp;amp;uuml;lőjegyet, lehetős&amp;amp;eacute;ge van a pontjai visszaig&amp;amp;eacute;nyl&amp;amp;eacute;s&amp;amp;eacute;re. Ez ir&amp;amp;aacute;ny&amp;amp;uacute; k&amp;amp;eacute;r&amp;amp;eacute;s&amp;amp;eacute;t jelezze a Magyar Telekom &amp;amp;uuml;gyf&amp;amp;eacute;lszolg&amp;amp;aacute;lati el&amp;amp;eacute;rhetős&amp;amp;eacute;gein.&amp;lt;/p&amp;gt;', 'Rubbeln &amp;amp; Gewinnen', '&amp;lt;p&amp;gt;Die minimalen Erstkauf Tickets Preise aufgrund der t&amp;amp;auml;glichen Kursschwankungen der minimale beworbenen Preise auf dieser Schnittstelle variieren. Der angek&amp;amp;uuml;ndigte Preis und Reisezeitraum, die Anzahl der Karten begrenzt ist, sind ihre Flucht Kapazit&amp;amp;auml;t und Frequenz der Buchungen je nach Verf&amp;amp;uuml;gbarkeit und m&amp;amp;uuml;ssen im Besitz eines Buches von Coupons sein, so bald wie m&amp;amp;ouml;glich beginnen! Wenn Sie kaufen Kontakt pontkuponnal nicht gefunden das richtige Ticket haben, k&amp;amp;ouml;nnen Sie Anspruch auf eine R&amp;amp;uuml;ckerstattung der Punkte. So fordern Sie bitte Magyar Telekom Kundenservice Verf&amp;amp;uuml;gbarkeit.&amp;lt;/p&amp;gt;');
/*!40000 ALTER TABLE `content_fixed` ENABLE KEYS */;


-- Dumping structure for tábla quizzer.languages
CREATE TABLE IF NOT EXISTS `languages` (
  `id` int(10) NOT NULL AUTO_INCREMENT COMMENT 'A nyelv azonosító száma',
  `isoCode` varchar(3) DEFAULT NULL COMMENT 'A nyelv ISO Kódja (hu, en, sk, ...)',
  `full` varchar(50) DEFAULT NULL COMMENT 'A nyelv megnevezése (Magyar, Angol, ...)',
  `active` tinyint(4) DEFAULT '1' COMMENT 'Az adott nyelv aktív -e',
  PRIMARY KEY (`id`)
) ENGINE=InnoDB AUTO_INCREMENT=3 DEFAULT CHARSET=utf8 COMMENT='A rendszerben elérhető aktív nyelvek';

-- Dumping data for table quizzer.languages: ~2 rows (approximately)
DELETE FROM `languages`;
/*!40000 ALTER TABLE `languages` DISABLE KEYS */;
INSERT INTO `languages` (`id`, `isoCode`, `full`, `active`) VALUES
	(1, 'hu', 'Magyar', 1),
	(2, 'de', 'German', 1);
/*!40000 ALTER TABLE `languages` ENABLE KEYS */;


-- Dumping structure for tábla quizzer.menu_elements
CREATE TABLE IF NOT EXISTS `menu_elements` (
  `id` int(11) NOT NULL AUTO_INCREMENT,
  `parentId` int(11) DEFAULT NULL COMMENT 'A szülő elem azonosítója',
  `positionId` int(11) DEFAULT NULL COMMENT 'Az elem elhelyezkedése (Fő menü, lábléc, stb)',
  `langCode` varchar(3) DEFAULT NULL,
  `linkOrder` int(11) DEFAULT NULL COMMENT 'Sorrend sorszám',
  `linkTarget` varchar(50) DEFAULT NULL COMMENT 'A link célja (_blank, _self,...)',
  `linkText` varchar(50) DEFAULT NULL COMMENT 'A Link megjelenítendő szövege',
  `linkTitle` varchar(50) DEFAULT NULL,
  `linkHref` varchar(200) DEFAULT NULL,
  `active` tinyint(4) DEFAULT '1',
  PRIMARY KEY (`id`),
  KEY `parentId` (`parentId`),
  KEY `positionId` (`positionId`),
  KEY `langCode` (`langCode`)
) ENGINE=InnoDB AUTO_INCREMENT=3 DEFAULT CHARSET=utf8;

-- Dumping data for table quizzer.menu_elements: ~2 rows (approximately)
DELETE FROM `menu_elements`;
/*!40000 ALTER TABLE `menu_elements` DISABLE KEYS */;
INSERT INTO `menu_elements` (`id`, `parentId`, `positionId`, `langCode`, `linkOrder`, `linkTarget`, `linkText`, `linkTitle`, `linkHref`, `active`) VALUES
	(1, NULL, 1, 'hu', 1, '_self', 'Nyitólap', 'Niytólap', '/', 1),
	(2, NULL, 1, 'hu', 2, '_self', 'Szabályzat', 'Szabályzat', '/tartalom/szabalyzat.html', 1);
/*!40000 ALTER TABLE `menu_elements` ENABLE KEYS */;


-- Dumping structure for tábla quizzer.menu_element_types
CREATE TABLE IF NOT EXISTS `menu_element_types` (
  `id` int(11) NOT NULL AUTO_INCREMENT,
  `typeName` varchar(50) DEFAULT NULL,
  PRIMARY KEY (`id`)
) ENGINE=InnoDB AUTO_INCREMENT=3 DEFAULT CHARSET=utf8;

-- Dumping data for table quizzer.menu_element_types: ~2 rows (approximately)
DELETE FROM `menu_element_types`;
/*!40000 ALTER TABLE `menu_element_types` DISABLE KEYS */;
INSERT INTO `menu_element_types` (`id`, `typeName`) VALUES
	(1, 'redirect'),
	(2, 'article');
/*!40000 ALTER TABLE `menu_element_types` ENABLE KEYS */;


-- Dumping structure for tábla quizzer.menu_positions
CREATE TABLE IF NOT EXISTS `menu_positions` (
  `id` int(11) NOT NULL AUTO_INCREMENT,
  `positionName` varchar(50) DEFAULT NULL,
  PRIMARY KEY (`id`)
) ENGINE=InnoDB AUTO_INCREMENT=3 DEFAULT CHARSET=utf8;

-- Dumping data for table quizzer.menu_positions: ~2 rows (approximately)
DELETE FROM `menu_positions`;
/*!40000 ALTER TABLE `menu_positions` DISABLE KEYS */;
INSERT INTO `menu_positions` (`id`, `positionName`) VALUES
	(1, 'Fő menü'),
	(2, 'Lábléc');
/*!40000 ALTER TABLE `menu_positions` ENABLE KEYS */;


-- Dumping structure for tábla quizzer.news
CREATE TABLE IF NOT EXISTS `news` (
  `id` int(10) NOT NULL AUTO_INCREMENT,
  `title_hu` varchar(100) DEFAULT NULL,
  `slug_hu` varchar(100) DEFAULT NULL,
  `metaKey_hu` varchar(160) DEFAULT NULL,
  `metaDesc_hu` varchar(260) DEFAULT NULL,
  `linkAlt_hu` varchar(260) DEFAULT NULL,
  `content_hu` text,
  `title_de` varchar(100) DEFAULT NULL,
  `slug_de` varchar(100) DEFAULT NULL,
  `metaKey_de` varchar(160) DEFAULT NULL,
  `metaDesc_de` varchar(260) DEFAULT NULL,
  `linkAlt_de` varchar(260) DEFAULT NULL,
  `content_de` text,
  PRIMARY KEY (`id`),
  UNIQUE KEY `slug_hu` (`slug_hu`),
  UNIQUE KEY `slug_de` (`slug_de`)
) ENGINE=InnoDB DEFAULT CHARSET=utf8;

-- Dumping data for table quizzer.news: ~0 rows (approximately)
DELETE FROM `news`;
/*!40000 ALTER TABLE `news` DISABLE KEYS */;
/*!40000 ALTER TABLE `news` ENABLE KEYS */;


-- Dumping structure for tábla quizzer.quiz_answers
CREATE TABLE IF NOT EXISTS `quiz_answers` (
  `answerId` int(10) NOT NULL AUTO_INCREMENT,
  `questionId` int(10) DEFAULT NULL,
  `correct` tinyint(4) DEFAULT '0',
  `answer_hu` tinytext,
  `answer_de` tinytext,
  PRIMARY KEY (`answerId`),
  KEY `questionId` (`questionId`)
) ENGINE=InnoDB AUTO_INCREMENT=13 DEFAULT CHARSET=utf8;

-- Dumping data for table quizzer.quiz_answers: ~12 rows (approximately)
DELETE FROM `quiz_answers`;
/*!40000 ALTER TABLE `quiz_answers` DISABLE KEYS */;
INSERT INTO `quiz_answers` (`answerId`, `questionId`, `correct`, `answer_hu`, `answer_de`) VALUES
	(1, 1, 0, 'Válasz 1', NULL),
	(2, 1, 0, 'Válasz 45', NULL),
	(3, 1, 0, 'Válasz 4', NULL),
	(4, 1, 1, 'Válasz 4', NULL),
	(5, 7, 0, 'Válasz 4', NULL),
	(6, 8, 0, 'Válasz 2', NULL),
	(7, 9, 0, 'Válasz 44', NULL),
	(8, 10, 1, 'válasz 1h', 'válasz 1d'),
	(9, 10, 0, 'válasz 2h', 'válasz 2d'),
	(10, 11, 0, 'válasz 1h', 'válasz 1d'),
	(11, 11, 1, 'válasz 2h', 'válasz 2d'),
	(12, 11, 0, 'válasz 3h', 'válasz 3d');
/*!40000 ALTER TABLE `quiz_answers` ENABLE KEYS */;


-- Dumping structure for tábla quizzer.quiz_questions
CREATE TABLE IF NOT EXISTS `quiz_questions` (
  `questionId` int(10) NOT NULL AUTO_INCREMENT,
  `quizId` int(10) DEFAULT NULL,
  `active` tinyint(4) DEFAULT '1',
  `question_hu` tinytext,
  `question_de` tinytext,
  PRIMARY KEY (`questionId`),
  KEY `quizId` (`quizId`)
) ENGINE=InnoDB AUTO_INCREMENT=12 DEFAULT CHARSET=utf8;

-- Dumping data for table quizzer.quiz_questions: ~11 rows (approximately)
DELETE FROM `quiz_questions`;
/*!40000 ALTER TABLE `quiz_questions` DISABLE KEYS */;
INSERT INTO `quiz_questions` (`questionId`, `quizId`, `active`, `question_hu`, `question_de`) VALUES
	(1, 7, 1, 'Kérdés 11', NULL),
	(2, 7, 1, 'Kérdés 11', NULL),
	(3, 7, 1, 'Kérdés 11', NULL),
	(4, 7, 1, 'Kérdés 11', NULL),
	(5, 7, 1, 'Kérdés 11', NULL),
	(6, 4, 1, 'Kérdés 12', NULL),
	(7, 4, 1, 'Kérdés 2222', NULL),
	(8, 6, 1, 'Kérdés 1', NULL),
	(9, 2, 1, 'Kérdés 1', NULL),
	(10, 1, 1, 'Kérdés 1h', 'Kérdés 1d'),
	(11, 1, 1, 'Kérdés 2h', 'Kérdés 2d');
/*!40000 ALTER TABLE `quiz_questions` ENABLE KEYS */;


-- Dumping structure for tábla quizzer.quiz_rounds
CREATE TABLE IF NOT EXISTS `quiz_rounds` (
  `quizId` int(10) NOT NULL AUTO_INCREMENT,
  `quizFrom` date DEFAULT NULL,
  `quizTo` date DEFAULT NULL,
  `addedOn` timestamp NULL DEFAULT CURRENT_TIMESTAMP,
  `prizeQty` int(11) DEFAULT '0',
  `emailsSent` int(11) DEFAULT '0',
  `title_hu` varchar(100) DEFAULT NULL,
  `slug_hu` varchar(100) DEFAULT NULL,
  `desc_hu` text,
  `prize_hu` varchar(100) DEFAULT NULL,
  `title_de` varchar(100) DEFAULT NULL,
  `slug_de` varchar(100) DEFAULT NULL,
  `desc_de` text,
  `prize_de` varchar(100) DEFAULT NULL,
  PRIMARY KEY (`quizId`),
  UNIQUE KEY `slug_hu` (`slug_hu`),
  UNIQUE KEY `slug_de` (`slug_de`)
) ENGINE=InnoDB AUTO_INCREMENT=11 DEFAULT CHARSET=utf8;

-- Dumping data for table quizzer.quiz_rounds: ~8 rows (approximately)
DELETE FROM `quiz_rounds`;
/*!40000 ALTER TABLE `quiz_rounds` DISABLE KEYS */;
INSERT INTO `quiz_rounds` (`quizId`, `quizFrom`, `quizTo`, `addedOn`, `prizeQty`, `emailsSent`, `title_hu`, `slug_hu`, `desc_hu`, `prize_hu`, `title_de`, `slug_de`, `desc_de`, `prize_de`) VALUES
	(1, '2013-07-25', '2013-08-30', '2013-07-25 15:10:50', 25, 400, 'Hyundai Kreszteszt', 'hyundai-kreszteszt', 'Kresz tesz a hyundai részére', 'Tollas szett', 'Hyundai Kreszteszt', NULL, 'Kresz tesz a hyundai részére', 'Tollas szett'),
	(2, '2013-07-25', '2013-07-30', '2013-07-25 15:10:50', 10, 3000, 'Hyundai Kreszteszt', 'hyundai-kreszteszt2', 'Kresz tesz a hyundai részére', 'Tollaaaa', NULL, NULL, NULL, NULL),
	(3, '2013-07-01', '2013-07-31', '2013-07-29 10:33:53', 100, 400, '123123', NULL, 'asdasd', '12312312', NULL, NULL, NULL, NULL),
	(4, '2013-07-01', '2013-07-31', '2013-07-29 10:37:22', 100, 400, 'Toll', NULL, 'adsad', '12312312', NULL, NULL, NULL, NULL),
	(5, '2013-07-01', '2013-07-31', '2013-07-29 10:37:22', 100, 400, 'nincsen', NULL, 'adsad', 'Shittered', NULL, NULL, NULL, NULL),
	(6, '2013-07-01', '2013-07-31', '2013-07-29 11:31:36', 100, 400, 'sdfsdfsdfsdf', NULL, 'asdasd', '12312312', NULL, NULL, NULL, NULL),
	(7, '2013-07-01', '2013-07-31', '2013-07-29 13:13:56', 100, 400, 'asdASDASDSD', NULL, 'asdasdasda', 'sdasdasdas', NULL, NULL, NULL, NULL),
	(10, '2013-07-01', '2013-07-31', '2013-07-29 16:37:23', 100, 400, 'adsasd', NULL, 'asdasda', 'asdasdas', NULL, NULL, NULL, NULL);
/*!40000 ALTER TABLE `quiz_rounds` ENABLE KEYS */;


-- Dumping structure for tábla quizzer.quiz_solutions
CREATE TABLE IF NOT EXISTS `quiz_solutions` (
  `recordId` int(11) NOT NULL AUTO_INCREMENT,
  `solverId` int(11) DEFAULT NULL,
  `questionId` int(11) DEFAULT NULL,
  `answerId` int(11) DEFAULT NULL,
  `addedOn` timestamp NULL DEFAULT CURRENT_TIMESTAMP,
  PRIMARY KEY (`recordId`)
) ENGINE=InnoDB AUTO_INCREMENT=19 DEFAULT CHARSET=utf8;

-- Dumping data for table quizzer.quiz_solutions: ~18 rows (approximately)
DELETE FROM `quiz_solutions`;
/*!40000 ALTER TABLE `quiz_solutions` DISABLE KEYS */;
INSERT INTO `quiz_solutions` (`recordId`, `solverId`, `questionId`, `answerId`, `addedOn`) VALUES
	(1, 1, 10, 8, '2013-08-13 10:28:20'),
	(2, 1, 11, 11, '2013-08-13 10:28:35'),
	(3, 2, 10, 8, '2013-08-13 10:34:29'),
	(4, 2, 11, 11, '2013-08-13 10:34:30'),
	(5, 3, 10, 8, '2013-08-13 10:37:02'),
	(6, 3, 11, 11, '2013-08-13 10:37:03'),
	(7, 4, 10, 8, '2013-08-13 11:26:50'),
	(8, 4, 11, 11, '2013-08-13 11:26:52'),
	(9, 5, 10, 9, '2013-08-13 11:27:32'),
	(10, 5, 11, 10, '2013-08-13 11:27:33'),
	(11, 6, 10, 8, '2013-08-13 11:27:50'),
	(12, 6, 11, 11, '2013-08-13 11:27:52'),
	(13, 7, 10, 8, '2013-08-13 11:36:04'),
	(14, 7, 11, 11, '2013-08-13 11:36:06'),
	(15, 8, 10, 8, '2013-08-13 11:36:44'),
	(16, 8, 11, 11, '2013-08-13 11:36:46'),
	(17, 9, 10, 8, '2013-08-13 12:00:40'),
	(18, 9, 11, 11, '2013-08-13 12:00:42');
/*!40000 ALTER TABLE `quiz_solutions` ENABLE KEYS */;


-- Dumping structure for tábla quizzer.quiz_solvers
CREATE TABLE IF NOT EXISTS `quiz_solvers` (
  `solverId` int(11) NOT NULL AUTO_INCREMENT,
  `quizId` int(11) DEFAULT NULL,
  `name` varchar(200) DEFAULT NULL,
  `email` varchar(200) DEFAULT NULL,
  `phone` varchar(200) DEFAULT NULL,
  `agencyName` varchar(200) DEFAULT NULL,
  PRIMARY KEY (`solverId`)
) ENGINE=InnoDB AUTO_INCREMENT=10 DEFAULT CHARSET=utf8;

-- Dumping data for table quizzer.quiz_solvers: ~9 rows (approximately)
DELETE FROM `quiz_solvers`;
/*!40000 ALTER TABLE `quiz_solvers` DISABLE KEYS */;
INSERT INTO `quiz_solvers` (`solverId`, `quizId`, `name`, `email`, `phone`, `agencyName`) VALUES
	(1, 1, 'Gipsz Jakab', 'gnick6666@gmail.com', 'sadfasdf', 'sadfasdf'),
	(2, 1, 'Gipsz Jakab', 'gnick66@gmail.com', 'sadfasdf', '123123'),
	(3, 1, 'Gipsz Jakab', 'gnick666666666@gmail.com', 'sadfasdf', 'sadfasdf'),
	(4, 1, 'Gipsz Jakab', 'gnick66666666@gmail.com', 'sadfasdf', '123412343124312'),
	(5, 1, 'Gipsz Jakab', 'gnick666666@gmail.com', 'sadfasdf', 'sadfasdf'),
	(6, 1, 'Gipsz Jakab', 'gnick666@gmail.com', '123123123123', 'safdasdf'),
	(7, 1, 'Gipsz Jakab', 'gnick66666@gmail.com', '123123123123', 'safdasdf'),
	(8, 1, 'Gipsz Jakab', 'gnick6666666a66@gmail.com', '123123123123', 'safdasdf'),
	(9, 1, 'Gipsz Jakab', 'gnick66666666@gmail.coma', 'sadfasdf', 'sadfasdf');
/*!40000 ALTER TABLE `quiz_solvers` ENABLE KEYS */;


-- Dumping structure for tábla quizzer.quiz_winners
CREATE TABLE IF NOT EXISTS `quiz_winners` (
  `id` int(11) NOT NULL AUTO_INCREMENT,
  `quizId` int(11) DEFAULT NULL,
  `solverId` int(11) DEFAULT NULL,
  PRIMARY KEY (`id`)
) ENGINE=InnoDB AUTO_INCREMENT=5 DEFAULT CHARSET=utf8;

-- Dumping data for table quizzer.quiz_winners: ~4 rows (approximately)
DELETE FROM `quiz_winners`;
/*!40000 ALTER TABLE `quiz_winners` DISABLE KEYS */;
INSERT INTO `quiz_winners` (`id`, `quizId`, `solverId`) VALUES
	(1, 1, 4),
	(2, 1, 6),
	(3, 1, 7),
	(4, 1, 9);
/*!40000 ALTER TABLE `quiz_winners` ENABLE KEYS */;


-- Dumping structure for tábla quizzer.users
CREATE TABLE IF NOT EXISTS `users` (
  `uid` int(10) NOT NULL AUTO_INCREMENT,
  `userName` varchar(50) DEFAULT NULL,
  `email` varchar(100) DEFAULT NULL,
  `pass` varchar(100) DEFAULT NULL,
  `active` tinyint(4) DEFAULT '1',
  PRIMARY KEY (`uid`),
  UNIQUE KEY `email` (`email`)
) ENGINE=InnoDB AUTO_INCREMENT=2 DEFAULT CHARSET=utf8;

-- Dumping data for table quizzer.users: ~1 rows (approximately)
DELETE FROM `users`;
/*!40000 ALTER TABLE `users` DISABLE KEYS */;
INSERT INTO `users` (`uid`, `userName`, `email`, `pass`, `active`) VALUES
	(1, 'Meki', 'galicz.miklos@hinora.hu', '5eecef2e8f24258126a30af0895b4f6e', 1);
/*!40000 ALTER TABLE `users` ENABLE KEYS */;


-- Dumping structure for tábla quizzer._log_error
CREATE TABLE IF NOT EXISTS `_log_error` (
  `id` int(10) NOT NULL AUTO_INCREMENT,
  `addedOn` timestamp NOT NULL DEFAULT CURRENT_TIMESTAMP,
  `message` text NOT NULL,
  `trace` text NOT NULL,
  `url` text NOT NULL,
  `post` text NOT NULL,
  `session` text NOT NULL,
  `get` text NOT NULL,
  `server` text NOT NULL,
  `cookie` text NOT NULL,
  `request` text NOT NULL,
  `cData` text NOT NULL,
  PRIMARY KEY (`id`)
) ENGINE=InnoDB AUTO_INCREMENT=30 DEFAULT CHARSET=utf8;

-- Dumping data for table quizzer._log_error: ~29 rows (approximately)
DELETE FROM `_log_error`;
/*!40000 ALTER TABLE `_log_error` DISABLE KEYS */;
INSERT INTO `_log_error` (`id`, `addedOn`, `message`, `trace`, `url`, `post`, `session`, `get`, `server`, `cookie`, `request`, `cData`) VALUES
	(1, '2013-07-29 11:00:22', 'Sikertelen lekérdezés-&amp;gt;modelsHandler-&amp;gt;checkIfRecordExists: Unknown column &amp;#039;editForm&amp;#039; in &amp;#039;where clause&amp;#039;', 'null', '/responders/addRound.php', 'null', '{"user":"Meki","pass":"5eecef2e8f24258126a30af0895b4f6e","lang":"hu","quizToEdit":"1"}', '[]', '{"HTTP_HOST":"airfrance.quiz","HTTP_USER_AGENT":"Mozilla/5.0 (Windows NT 6.1; WOW64; rv:22.0) Gecko/20100101 Firefox/22.0","HTTP_ACCEPT":"*/*","HTTP_ACCEPT_LANGUAGE":"en-US,en;q=0.5","HTTP_ACCEPT_ENCODING":"gzip, deflate","HTTP_X_REQUESTED_WITH":"XMLHttpRequest","HTTP_REFERER":"http://airfrance.quiz/throne/gamer/editGame/1.html","CONTENT_LENGTH":"1383","CONTENT_TYPE":"multipart/form-data; boundary=---------------------------19071473723096","HTTP_COOKIE":"user=Meki; pass=5eecef2e8f24258126a30af0895b4f6e; __utma=106908307.1885209355.1374483393.1374677436.1374748640.9; __utmz=106908307.1374483393.1.1.utmcsr=(direct)|utmccn=(direct)|utmcmd=(none); PHPSESSID=l1e72lhso1oe0cbt5kf55l28e7; __utmc=106908307","HTTP_CONNECTION":"keep-alive","HTTP_PRAGMA":"no-cache","HTTP_CACHE_CONTROL":"no-cache","PATH":"C:\\Program Files (x86)\\NVIDIA Corporation\\PhysX\\Common;C:\\Windows\\system32;C:\\Windows;C:\\Windows\\System32\\Wbem;C:\\Windows\\System32\\WindowsPowerShell\\v1.0\\;C:\\Program Files\\doxygen\\bin;C:\\Program Files\\TortoiseSVN\\bin;c:\\wamp\\bin\\mysql\\mysql5.5.24\\bin;c:\\wamp\\bin\\php\\php5.3.13;C:\\Program Files (x86)\\Git\\cmd;C:\\Users\\HinoraTestdev\\Desktop\\adt-bundle-windows-x86_64-20130522\\sdk\\platform-tools\\adb.exe;C:\\Program Files\\nodejs\\;","SystemRoot":"C:\\Windows","COMSPEC":"C:\\Windows\\system32\\cmd.exe","PATHEXT":".COM;.EXE;.BAT;.CMD;.VBS;.VBE;.JS;.JSE;.WSF;.WSH;.MSC","WINDIR":"C:\\Windows","SERVER_SIGNATURE":"","SERVER_SOFTWARE":"Apache/2.2.22 (Win64) PHP/5.3.13","SERVER_NAME":"airfrance.quiz","SERVER_ADDR":"127.0.0.1","SERVER_PORT":"80","REMOTE_ADDR":"127.0.0.1","DOCUMENT_ROOT":"D:/work/microSites/airfrance_quiz","SERVER_ADMIN":"webmaster@airfrance.quiz","SCRIPT_FILENAME":"D:/work/microSites/airfrance_quiz/responders/addRound.php","REMOTE_PORT":"53929","GATEWAY_INTERFACE":"CGI/1.1","SERVER_PROTOCOL":"HTTP/1.1","REQUEST_METHOD":"POST","QUERY_STRING":"","REQUEST_URI":"/responders/addRound.php","SCRIPT_NAME":"/responders/addRound.php","PHP_SELF":"/responders/addRound.php","REQUEST_TIME":1375088422}', '{"user":"Meki","pass":"5eecef2e8f24258126a30af0895b4f6e","__utma":"106908307.1885209355.1374483393.1374677436.1374748640.9","__utmz":"106908307.1374483393.1.1.utmcsr=(direct)|utmccn=(direct)|utmcmd=(none)","PHPSESSID":"l1e72lhso1oe0cbt5kf55l28e7","__utmc":"106908307"}', '{"text-title_hu":"Hyundai Kreszteszt","textArea-desc_hu":"Kresz tesz a hyundai ru00e9szu00e9re","text-prize_hu":"Toll","text-title_sk":"12312312","textArea-desc_sk":"asdasd","text-prize_sk":"123123","num-prizeQty":"100","num-emailsSent":"400","date-quizFrom":"2013-07-25","date-quizTo":"2013-07-30","submit-addRound":"","editForm":"1"}', '{}'),
	(2, '2013-07-29 11:00:22', 'Sikertelen lekérdezés-&amp;gt;modelsHandler-&amp;gt;fragger: Unknown column &amp;#039;editForm&amp;#039; in &amp;#039;field list&amp;#039;', 'null', '/responders/addRound.php', 'null', '{"user":"Meki","pass":"5eecef2e8f24258126a30af0895b4f6e","lang":"hu","quizToEdit":"1","errorInfo":["Sikertelen leku00e9rdezu00e9s-&amp;gt;modelsHandler-&amp;gt;checkIfRecordExists: Unknown column &amp;#039;editForm&amp;#039; in &amp;#039;where clause&amp;#039;"]}', '[]', '{"HTTP_HOST":"airfrance.quiz","HTTP_USER_AGENT":"Mozilla/5.0 (Windows NT 6.1; WOW64; rv:22.0) Gecko/20100101 Firefox/22.0","HTTP_ACCEPT":"*/*","HTTP_ACCEPT_LANGUAGE":"en-US,en;q=0.5","HTTP_ACCEPT_ENCODING":"gzip, deflate","HTTP_X_REQUESTED_WITH":"XMLHttpRequest","HTTP_REFERER":"http://airfrance.quiz/throne/gamer/editGame/1.html","CONTENT_LENGTH":"1383","CONTENT_TYPE":"multipart/form-data; boundary=---------------------------19071473723096","HTTP_COOKIE":"user=Meki; pass=5eecef2e8f24258126a30af0895b4f6e; __utma=106908307.1885209355.1374483393.1374677436.1374748640.9; __utmz=106908307.1374483393.1.1.utmcsr=(direct)|utmccn=(direct)|utmcmd=(none); PHPSESSID=l1e72lhso1oe0cbt5kf55l28e7; __utmc=106908307","HTTP_CONNECTION":"keep-alive","HTTP_PRAGMA":"no-cache","HTTP_CACHE_CONTROL":"no-cache","PATH":"C:\\Program Files (x86)\\NVIDIA Corporation\\PhysX\\Common;C:\\Windows\\system32;C:\\Windows;C:\\Windows\\System32\\Wbem;C:\\Windows\\System32\\WindowsPowerShell\\v1.0\\;C:\\Program Files\\doxygen\\bin;C:\\Program Files\\TortoiseSVN\\bin;c:\\wamp\\bin\\mysql\\mysql5.5.24\\bin;c:\\wamp\\bin\\php\\php5.3.13;C:\\Program Files (x86)\\Git\\cmd;C:\\Users\\HinoraTestdev\\Desktop\\adt-bundle-windows-x86_64-20130522\\sdk\\platform-tools\\adb.exe;C:\\Program Files\\nodejs\\;","SystemRoot":"C:\\Windows","COMSPEC":"C:\\Windows\\system32\\cmd.exe","PATHEXT":".COM;.EXE;.BAT;.CMD;.VBS;.VBE;.JS;.JSE;.WSF;.WSH;.MSC","WINDIR":"C:\\Windows","SERVER_SIGNATURE":"","SERVER_SOFTWARE":"Apache/2.2.22 (Win64) PHP/5.3.13","SERVER_NAME":"airfrance.quiz","SERVER_ADDR":"127.0.0.1","SERVER_PORT":"80","REMOTE_ADDR":"127.0.0.1","DOCUMENT_ROOT":"D:/work/microSites/airfrance_quiz","SERVER_ADMIN":"webmaster@airfrance.quiz","SCRIPT_FILENAME":"D:/work/microSites/airfrance_quiz/responders/addRound.php","REMOTE_PORT":"53929","GATEWAY_INTERFACE":"CGI/1.1","SERVER_PROTOCOL":"HTTP/1.1","REQUEST_METHOD":"POST","QUERY_STRING":"","REQUEST_URI":"/responders/addRound.php","SCRIPT_NAME":"/responders/addRound.php","PHP_SELF":"/responders/addRound.php","REQUEST_TIME":1375088422}', '{"user":"Meki","pass":"5eecef2e8f24258126a30af0895b4f6e","__utma":"106908307.1885209355.1374483393.1374677436.1374748640.9","__utmz":"106908307.1374483393.1.1.utmcsr=(direct)|utmccn=(direct)|utmcmd=(none)","PHPSESSID":"l1e72lhso1oe0cbt5kf55l28e7","__utmc":"106908307"}', '{"text-title_hu":"Hyundai Kreszteszt","textArea-desc_hu":"Kresz tesz a hyundai ru00e9szu00e9re","text-prize_hu":"Toll","text-title_sk":"12312312","textArea-desc_sk":"asdasd","text-prize_sk":"123123","num-prizeQty":"100","num-emailsSent":"400","date-quizFrom":"2013-07-25","date-quizTo":"2013-07-30","submit-addRound":"","editForm":"1"}', '{}'),
	(3, '2013-07-30 08:39:50', 'Sikertelen lekérdezés-&amp;gt;modelsHandler-&amp;gt;checkIfRecordExists: Unknown column &amp;#039;question_hu&amp;#039; in &amp;#039;where clause&amp;#039;', 'null', '/responders/editAnswers.php', 'null', '{"user":"Meki","pass":"5eecef2e8f24258126a30af0895b4f6e","lang":"hu"}', '[]', '{"HTTP_HOST":"airfrance.quiz","HTTP_USER_AGENT":"Mozilla/5.0 (Windows NT 6.1; WOW64; rv:22.0) Gecko/20100101 Firefox/22.0","HTTP_ACCEPT":"text/html,application/xhtml+xml,application/xml;q=0.9,*/*;q=0.8","HTTP_ACCEPT_LANGUAGE":"en-US,en;q=0.5","HTTP_ACCEPT_ENCODING":"gzip, deflate","HTTP_REFERER":"http://airfrance.quiz/throne/gamer/listAnswers/1.html","HTTP_COOKIE":"user=Meki; pass=5eecef2e8f24258126a30af0895b4f6e; __utma=106908307.1885209355.1374483393.1374748640.1375090012.10; __utmz=106908307.1374483393.1.1.utmcsr=(direct)|utmccn=(direct)|utmcmd=(none); PHPSESSID=l1e72lhso1oe0cbt5kf55l28e7; __utmc=106908307","HTTP_CONNECTION":"keep-alive","CONTENT_TYPE":"multipart/form-data; boundary=---------------------------309182458121254","CONTENT_LENGTH":"384","PATH":"C:\\Program Files (x86)\\NVIDIA Corporation\\PhysX\\Common;C:\\Windows\\system32;C:\\Windows;C:\\Windows\\System32\\Wbem;C:\\Windows\\System32\\WindowsPowerShell\\v1.0\\;C:\\Program Files\\doxygen\\bin;C:\\Program Files\\TortoiseSVN\\bin;c:\\wamp\\bin\\mysql\\mysql5.5.24\\bin;c:\\wamp\\bin\\php\\php5.3.13;C:\\Program Files (x86)\\Git\\cmd;C:\\Users\\HinoraTestdev\\Desktop\\adt-bundle-windows-x86_64-20130522\\sdk\\platform-tools\\adb.exe;C:\\Program Files\\nodejs\\;","SystemRoot":"C:\\Windows","COMSPEC":"C:\\Windows\\system32\\cmd.exe","PATHEXT":".COM;.EXE;.BAT;.CMD;.VBS;.VBE;.JS;.JSE;.WSF;.WSH;.MSC","WINDIR":"C:\\Windows","SERVER_SIGNATURE":"","SERVER_SOFTWARE":"Apache/2.2.22 (Win64) PHP/5.3.13","SERVER_NAME":"airfrance.quiz","SERVER_ADDR":"127.0.0.1","SERVER_PORT":"80","REMOTE_ADDR":"127.0.0.1","DOCUMENT_ROOT":"D:/work/microSites/airfrance_quiz","SERVER_ADMIN":"webmaster@airfrance.quiz","SCRIPT_FILENAME":"D:/work/microSites/airfrance_quiz/responders/editAnswers.php","REMOTE_PORT":"62367","GATEWAY_INTERFACE":"CGI/1.1","SERVER_PROTOCOL":"HTTP/1.1","REQUEST_METHOD":"POST","QUERY_STRING":"","REQUEST_URI":"/responders/editAnswers.php","SCRIPT_NAME":"/responders/editAnswers.php","PHP_SELF":"/responders/editAnswers.php","REQUEST_TIME":1375166389}', '{"user":"Meki","pass":"5eecef2e8f24258126a30af0895b4f6e","__utma":"106908307.1885209355.1374483393.1374748640.1375090012.10","__utmz":"106908307.1374483393.1.1.utmcsr=(direct)|utmccn=(direct)|utmcmd=(none)","PHPSESSID":"l1e72lhso1oe0cbt5kf55l28e7","__utmc":"106908307"}', '{"text-question_hu":"Vu00e1lasz 1","text-question_sk":"asdasdasdsd","questionId":"1"}', '{}'),
	(4, '2013-07-30 08:39:50', 'Sikertelen lekérdezés-&amp;gt;modelsHandler-&amp;gt;fragger: Unknown column &amp;#039;question_hu&amp;#039; in &amp;#039;field list&amp;#039;', 'null', '/responders/editAnswers.php', 'null', '{"user":"Meki","pass":"5eecef2e8f24258126a30af0895b4f6e","lang":"hu","errorInfo":["Sikertelen leku00e9rdezu00e9s-&amp;gt;modelsHandler-&amp;gt;checkIfRecordExists: Unknown column &amp;#039;question_hu&amp;#039; in &amp;#039;where clause&amp;#039;"]}', '[]', '{"HTTP_HOST":"airfrance.quiz","HTTP_USER_AGENT":"Mozilla/5.0 (Windows NT 6.1; WOW64; rv:22.0) Gecko/20100101 Firefox/22.0","HTTP_ACCEPT":"text/html,application/xhtml+xml,application/xml;q=0.9,*/*;q=0.8","HTTP_ACCEPT_LANGUAGE":"en-US,en;q=0.5","HTTP_ACCEPT_ENCODING":"gzip, deflate","HTTP_REFERER":"http://airfrance.quiz/throne/gamer/listAnswers/1.html","HTTP_COOKIE":"user=Meki; pass=5eecef2e8f24258126a30af0895b4f6e; __utma=106908307.1885209355.1374483393.1374748640.1375090012.10; __utmz=106908307.1374483393.1.1.utmcsr=(direct)|utmccn=(direct)|utmcmd=(none); PHPSESSID=l1e72lhso1oe0cbt5kf55l28e7; __utmc=106908307","HTTP_CONNECTION":"keep-alive","CONTENT_TYPE":"multipart/form-data; boundary=---------------------------309182458121254","CONTENT_LENGTH":"384","PATH":"C:\\Program Files (x86)\\NVIDIA Corporation\\PhysX\\Common;C:\\Windows\\system32;C:\\Windows;C:\\Windows\\System32\\Wbem;C:\\Windows\\System32\\WindowsPowerShell\\v1.0\\;C:\\Program Files\\doxygen\\bin;C:\\Program Files\\TortoiseSVN\\bin;c:\\wamp\\bin\\mysql\\mysql5.5.24\\bin;c:\\wamp\\bin\\php\\php5.3.13;C:\\Program Files (x86)\\Git\\cmd;C:\\Users\\HinoraTestdev\\Desktop\\adt-bundle-windows-x86_64-20130522\\sdk\\platform-tools\\adb.exe;C:\\Program Files\\nodejs\\;","SystemRoot":"C:\\Windows","COMSPEC":"C:\\Windows\\system32\\cmd.exe","PATHEXT":".COM;.EXE;.BAT;.CMD;.VBS;.VBE;.JS;.JSE;.WSF;.WSH;.MSC","WINDIR":"C:\\Windows","SERVER_SIGNATURE":"","SERVER_SOFTWARE":"Apache/2.2.22 (Win64) PHP/5.3.13","SERVER_NAME":"airfrance.quiz","SERVER_ADDR":"127.0.0.1","SERVER_PORT":"80","REMOTE_ADDR":"127.0.0.1","DOCUMENT_ROOT":"D:/work/microSites/airfrance_quiz","SERVER_ADMIN":"webmaster@airfrance.quiz","SCRIPT_FILENAME":"D:/work/microSites/airfrance_quiz/responders/editAnswers.php","REMOTE_PORT":"62367","GATEWAY_INTERFACE":"CGI/1.1","SERVER_PROTOCOL":"HTTP/1.1","REQUEST_METHOD":"POST","QUERY_STRING":"","REQUEST_URI":"/responders/editAnswers.php","SCRIPT_NAME":"/responders/editAnswers.php","PHP_SELF":"/responders/editAnswers.php","REQUEST_TIME":1375166389}', '{"user":"Meki","pass":"5eecef2e8f24258126a30af0895b4f6e","__utma":"106908307.1885209355.1374483393.1374748640.1375090012.10","__utmz":"106908307.1374483393.1.1.utmcsr=(direct)|utmccn=(direct)|utmcmd=(none)","PHPSESSID":"l1e72lhso1oe0cbt5kf55l28e7","__utmc":"106908307"}', '{"text-question_hu":"Vu00e1lasz 1","text-question_sk":"asdasdasdsd","questionId":"1"}', '{}'),
	(5, '2013-07-30 09:33:04', 'Sikertelen lekérdezés-&amp;gt;modelsHandler-&amp;gt;checkIfRecordExists: Unknown column &amp;#039;answer_hu&amp;#039; in &amp;#039;where clause&amp;#039;', 'null', '/responders/editAnswers.php', 'null', '{"user":"Meki","pass":"5eecef2e8f24258126a30af0895b4f6e","lang":"hu"}', '[]', '{"HTTP_HOST":"airfrance.quiz","HTTP_USER_AGENT":"Mozilla/5.0 (Windows NT 6.1; WOW64; rv:22.0) Gecko/20100101 Firefox/22.0","HTTP_ACCEPT":"*/*","HTTP_ACCEPT_LANGUAGE":"en-US,en;q=0.5","HTTP_ACCEPT_ENCODING":"gzip, deflate","CONTENT_TYPE":"application/x-www-form-urlencoded; charset=UTF-8","HTTP_X_REQUESTED_WITH":"XMLHttpRequest","HTTP_REFERER":"http://airfrance.quiz/throne/gamer/listAnswers/1.html","CONTENT_LENGTH":"81","HTTP_COOKIE":"user=Meki; pass=5eecef2e8f24258126a30af0895b4f6e; __utma=106908307.1885209355.1374483393.1374748640.1375090012.10; __utmz=106908307.1374483393.1.1.utmcsr=(direct)|utmccn=(direct)|utmcmd=(none); PHPSESSID=l1e72lhso1oe0cbt5kf55l28e7; __utmc=106908307","HTTP_CONNECTION":"keep-alive","HTTP_PRAGMA":"no-cache","HTTP_CACHE_CONTROL":"no-cache","PATH":"C:\\Program Files (x86)\\NVIDIA Corporation\\PhysX\\Common;C:\\Windows\\system32;C:\\Windows;C:\\Windows\\System32\\Wbem;C:\\Windows\\System32\\WindowsPowerShell\\v1.0\\;C:\\Program Files\\doxygen\\bin;C:\\Program Files\\TortoiseSVN\\bin;c:\\wamp\\bin\\mysql\\mysql5.5.24\\bin;c:\\wamp\\bin\\php\\php5.3.13;C:\\Program Files (x86)\\Git\\cmd;C:\\Users\\HinoraTestdev\\Desktop\\adt-bundle-windows-x86_64-20130522\\sdk\\platform-tools\\adb.exe;C:\\Program Files\\nodejs\\;","SystemRoot":"C:\\Windows","COMSPEC":"C:\\Windows\\system32\\cmd.exe","PATHEXT":".COM;.EXE;.BAT;.CMD;.VBS;.VBE;.JS;.JSE;.WSF;.WSH;.MSC","WINDIR":"C:\\Windows","SERVER_SIGNATURE":"","SERVER_SOFTWARE":"Apache/2.2.22 (Win64) PHP/5.3.13","SERVER_NAME":"airfrance.quiz","SERVER_ADDR":"127.0.0.1","SERVER_PORT":"80","REMOTE_ADDR":"127.0.0.1","DOCUMENT_ROOT":"D:/work/microSites/airfrance_quiz","SERVER_ADMIN":"webmaster@airfrance.quiz","SCRIPT_FILENAME":"D:/work/microSites/airfrance_quiz/responders/editAnswers.php","REMOTE_PORT":"62910","GATEWAY_INTERFACE":"CGI/1.1","SERVER_PROTOCOL":"HTTP/1.1","REQUEST_METHOD":"POST","QUERY_STRING":"","REQUEST_URI":"/responders/editAnswers.php","SCRIPT_NAME":"/responders/editAnswers.php","PHP_SELF":"/responders/editAnswers.php","REQUEST_TIME":1375169584}', '{"user":"Meki","pass":"5eecef2e8f24258126a30af0895b4f6e","__utma":"106908307.1885209355.1374483393.1374748640.1375090012.10","__utmz":"106908307.1374483393.1.1.utmcsr=(direct)|utmccn=(direct)|utmcmd=(none)","PHPSESSID":"l1e72lhso1oe0cbt5kf55l28e7","__utmc":"106908307"}', '{"text-answer_hu":"Vu00e1lasz 22","text-answer_sk":"asdasdasdasd","questionId":"1","editForm":"1"}', '{}'),
	(6, '2013-07-30 09:33:04', 'Sikertelen lekérdezés-&amp;gt;modelsHandler-&amp;gt;fragger: Unknown column &amp;#039;answer_hu&amp;#039; in &amp;#039;field list&amp;#039;', 'null', '/responders/editAnswers.php', 'null', '{"user":"Meki","pass":"5eecef2e8f24258126a30af0895b4f6e","lang":"hu","errorInfo":["Sikertelen leku00e9rdezu00e9s-&amp;gt;modelsHandler-&amp;gt;checkIfRecordExists: Unknown column &amp;#039;answer_hu&amp;#039; in &amp;#039;where clause&amp;#039;"]}', '[]', '{"HTTP_HOST":"airfrance.quiz","HTTP_USER_AGENT":"Mozilla/5.0 (Windows NT 6.1; WOW64; rv:22.0) Gecko/20100101 Firefox/22.0","HTTP_ACCEPT":"*/*","HTTP_ACCEPT_LANGUAGE":"en-US,en;q=0.5","HTTP_ACCEPT_ENCODING":"gzip, deflate","CONTENT_TYPE":"application/x-www-form-urlencoded; charset=UTF-8","HTTP_X_REQUESTED_WITH":"XMLHttpRequest","HTTP_REFERER":"http://airfrance.quiz/throne/gamer/listAnswers/1.html","CONTENT_LENGTH":"81","HTTP_COOKIE":"user=Meki; pass=5eecef2e8f24258126a30af0895b4f6e; __utma=106908307.1885209355.1374483393.1374748640.1375090012.10; __utmz=106908307.1374483393.1.1.utmcsr=(direct)|utmccn=(direct)|utmcmd=(none); PHPSESSID=l1e72lhso1oe0cbt5kf55l28e7; __utmc=106908307","HTTP_CONNECTION":"keep-alive","HTTP_PRAGMA":"no-cache","HTTP_CACHE_CONTROL":"no-cache","PATH":"C:\\Program Files (x86)\\NVIDIA Corporation\\PhysX\\Common;C:\\Windows\\system32;C:\\Windows;C:\\Windows\\System32\\Wbem;C:\\Windows\\System32\\WindowsPowerShell\\v1.0\\;C:\\Program Files\\doxygen\\bin;C:\\Program Files\\TortoiseSVN\\bin;c:\\wamp\\bin\\mysql\\mysql5.5.24\\bin;c:\\wamp\\bin\\php\\php5.3.13;C:\\Program Files (x86)\\Git\\cmd;C:\\Users\\HinoraTestdev\\Desktop\\adt-bundle-windows-x86_64-20130522\\sdk\\platform-tools\\adb.exe;C:\\Program Files\\nodejs\\;","SystemRoot":"C:\\Windows","COMSPEC":"C:\\Windows\\system32\\cmd.exe","PATHEXT":".COM;.EXE;.BAT;.CMD;.VBS;.VBE;.JS;.JSE;.WSF;.WSH;.MSC","WINDIR":"C:\\Windows","SERVER_SIGNATURE":"","SERVER_SOFTWARE":"Apache/2.2.22 (Win64) PHP/5.3.13","SERVER_NAME":"airfrance.quiz","SERVER_ADDR":"127.0.0.1","SERVER_PORT":"80","REMOTE_ADDR":"127.0.0.1","DOCUMENT_ROOT":"D:/work/microSites/airfrance_quiz","SERVER_ADMIN":"webmaster@airfrance.quiz","SCRIPT_FILENAME":"D:/work/microSites/airfrance_quiz/responders/editAnswers.php","REMOTE_PORT":"62910","GATEWAY_INTERFACE":"CGI/1.1","SERVER_PROTOCOL":"HTTP/1.1","REQUEST_METHOD":"POST","QUERY_STRING":"","REQUEST_URI":"/responders/editAnswers.php","SCRIPT_NAME":"/responders/editAnswers.php","PHP_SELF":"/responders/editAnswers.php","REQUEST_TIME":1375169584}', '{"user":"Meki","pass":"5eecef2e8f24258126a30af0895b4f6e","__utma":"106908307.1885209355.1374483393.1374748640.1375090012.10","__utmz":"106908307.1374483393.1.1.utmcsr=(direct)|utmccn=(direct)|utmcmd=(none)","PHPSESSID":"l1e72lhso1oe0cbt5kf55l28e7","__utmc":"106908307"}', '{"text-answer_hu":"Vu00e1lasz 22","text-answer_sk":"asdasdasdasd","questionId":"1","editForm":"1"}', '{}'),
	(7, '2013-07-30 09:37:38', 'Sikertelen lekérdezés-&amp;gt;modelsHandler-&amp;gt;checkIfRecordExists: Unknown column &amp;#039;answer_hu&amp;#039; in &amp;#039;where clause&amp;#039;', 'null', '/responders/editAnswers.php', 'null', '{"user":"Meki","pass":"5eecef2e8f24258126a30af0895b4f6e","lang":"hu","errorInfo":["Sikertelen leku00e9rdezu00e9s-&amp;gt;modelsHandler-&amp;gt;checkIfRecordExists: Unknown column &amp;#039;answer_hu&amp;#039; in &amp;#039;where clause&amp;#039;","Sikertelen leku00e9rdezu00e9s-&amp;gt;modelsHandler-&amp;gt;fragger: Unknown column &amp;#039;answer_hu&amp;#039; in &amp;#039;field list&amp;#039;"]}', '[]', '{"HTTP_HOST":"airfrance.quiz","HTTP_USER_AGENT":"Mozilla/5.0 (Windows NT 6.1; WOW64; rv:22.0) Gecko/20100101 Firefox/22.0","HTTP_ACCEPT":"*/*","HTTP_ACCEPT_LANGUAGE":"en-US,en;q=0.5","HTTP_ACCEPT_ENCODING":"gzip, deflate","CONTENT_TYPE":"application/x-www-form-urlencoded; charset=UTF-8","HTTP_X_REQUESTED_WITH":"XMLHttpRequest","HTTP_REFERER":"http://airfrance.quiz/throne/gamer/listAnswers/1.html","CONTENT_LENGTH":"74","HTTP_COOKIE":"user=Meki; pass=5eecef2e8f24258126a30af0895b4f6e; __utma=106908307.1885209355.1374483393.1374748640.1375090012.10; __utmz=106908307.1374483393.1.1.utmcsr=(direct)|utmccn=(direct)|utmcmd=(none); PHPSESSID=l1e72lhso1oe0cbt5kf55l28e7; __utmc=106908307","HTTP_CONNECTION":"keep-alive","HTTP_PRAGMA":"no-cache","HTTP_CACHE_CONTROL":"no-cache","PATH":"C:\\Program Files (x86)\\NVIDIA Corporation\\PhysX\\Common;C:\\Windows\\system32;C:\\Windows;C:\\Windows\\System32\\Wbem;C:\\Windows\\System32\\WindowsPowerShell\\v1.0\\;C:\\Program Files\\doxygen\\bin;C:\\Program Files\\TortoiseSVN\\bin;c:\\wamp\\bin\\mysql\\mysql5.5.24\\bin;c:\\wamp\\bin\\php\\php5.3.13;C:\\Program Files (x86)\\Git\\cmd;C:\\Users\\HinoraTestdev\\Desktop\\adt-bundle-windows-x86_64-20130522\\sdk\\platform-tools\\adb.exe;C:\\Program Files\\nodejs\\;","SystemRoot":"C:\\Windows","COMSPEC":"C:\\Windows\\system32\\cmd.exe","PATHEXT":".COM;.EXE;.BAT;.CMD;.VBS;.VBE;.JS;.JSE;.WSF;.WSH;.MSC","WINDIR":"C:\\Windows","SERVER_SIGNATURE":"","SERVER_SOFTWARE":"Apache/2.2.22 (Win64) PHP/5.3.13","SERVER_NAME":"airfrance.quiz","SERVER_ADDR":"127.0.0.1","SERVER_PORT":"80","REMOTE_ADDR":"127.0.0.1","DOCUMENT_ROOT":"D:/work/microSites/airfrance_quiz","SERVER_ADMIN":"webmaster@airfrance.quiz","SCRIPT_FILENAME":"D:/work/microSites/airfrance_quiz/responders/editAnswers.php","REMOTE_PORT":"62952","GATEWAY_INTERFACE":"CGI/1.1","SERVER_PROTOCOL":"HTTP/1.1","REQUEST_METHOD":"POST","QUERY_STRING":"","REQUEST_URI":"/responders/editAnswers.php","SCRIPT_NAME":"/responders/editAnswers.php","PHP_SELF":"/responders/editAnswers.php","REQUEST_TIME":1375169858}', '{"user":"Meki","pass":"5eecef2e8f24258126a30af0895b4f6e","__utma":"106908307.1885209355.1374483393.1374748640.1375090012.10","__utmz":"106908307.1374483393.1.1.utmcsr=(direct)|utmccn=(direct)|utmcmd=(none)","PHPSESSID":"l1e72lhso1oe0cbt5kf55l28e7","__utmc":"106908307"}', '{"text-answer_hu":"Vu00e1lasz 44","text-answer_sk":"nincs","questionId":"1","editForm":"1"}', '{}'),
	(8, '2013-07-30 09:37:38', 'Sikertelen lekérdezés-&amp;gt;modelsHandler-&amp;gt;fragger: Unknown column &amp;#039;answer_hu&amp;#039; in &amp;#039;field list&amp;#039;', 'null', '/responders/editAnswers.php', 'null', '{"user":"Meki","pass":"5eecef2e8f24258126a30af0895b4f6e","lang":"hu","errorInfo":["Sikertelen leku00e9rdezu00e9s-&amp;gt;modelsHandler-&amp;gt;checkIfRecordExists: Unknown column &amp;#039;answer_hu&amp;#039; in &amp;#039;where clause&amp;#039;","Sikertelen leku00e9rdezu00e9s-&amp;gt;modelsHandler-&amp;gt;fragger: Unknown column &amp;#039;answer_hu&amp;#039; in &amp;#039;field list&amp;#039;","Sikertelen leku00e9rdezu00e9s-&amp;gt;modelsHandler-&amp;gt;checkIfRecordExists: Unknown column &amp;#039;answer_hu&amp;#039; in &amp;#039;where clause&amp;#039;"]}', '[]', '{"HTTP_HOST":"airfrance.quiz","HTTP_USER_AGENT":"Mozilla/5.0 (Windows NT 6.1; WOW64; rv:22.0) Gecko/20100101 Firefox/22.0","HTTP_ACCEPT":"*/*","HTTP_ACCEPT_LANGUAGE":"en-US,en;q=0.5","HTTP_ACCEPT_ENCODING":"gzip, deflate","CONTENT_TYPE":"application/x-www-form-urlencoded; charset=UTF-8","HTTP_X_REQUESTED_WITH":"XMLHttpRequest","HTTP_REFERER":"http://airfrance.quiz/throne/gamer/listAnswers/1.html","CONTENT_LENGTH":"74","HTTP_COOKIE":"user=Meki; pass=5eecef2e8f24258126a30af0895b4f6e; __utma=106908307.1885209355.1374483393.1374748640.1375090012.10; __utmz=106908307.1374483393.1.1.utmcsr=(direct)|utmccn=(direct)|utmcmd=(none); PHPSESSID=l1e72lhso1oe0cbt5kf55l28e7; __utmc=106908307","HTTP_CONNECTION":"keep-alive","HTTP_PRAGMA":"no-cache","HTTP_CACHE_CONTROL":"no-cache","PATH":"C:\\Program Files (x86)\\NVIDIA Corporation\\PhysX\\Common;C:\\Windows\\system32;C:\\Windows;C:\\Windows\\System32\\Wbem;C:\\Windows\\System32\\WindowsPowerShell\\v1.0\\;C:\\Program Files\\doxygen\\bin;C:\\Program Files\\TortoiseSVN\\bin;c:\\wamp\\bin\\mysql\\mysql5.5.24\\bin;c:\\wamp\\bin\\php\\php5.3.13;C:\\Program Files (x86)\\Git\\cmd;C:\\Users\\HinoraTestdev\\Desktop\\adt-bundle-windows-x86_64-20130522\\sdk\\platform-tools\\adb.exe;C:\\Program Files\\nodejs\\;","SystemRoot":"C:\\Windows","COMSPEC":"C:\\Windows\\system32\\cmd.exe","PATHEXT":".COM;.EXE;.BAT;.CMD;.VBS;.VBE;.JS;.JSE;.WSF;.WSH;.MSC","WINDIR":"C:\\Windows","SERVER_SIGNATURE":"","SERVER_SOFTWARE":"Apache/2.2.22 (Win64) PHP/5.3.13","SERVER_NAME":"airfrance.quiz","SERVER_ADDR":"127.0.0.1","SERVER_PORT":"80","REMOTE_ADDR":"127.0.0.1","DOCUMENT_ROOT":"D:/work/microSites/airfrance_quiz","SERVER_ADMIN":"webmaster@airfrance.quiz","SCRIPT_FILENAME":"D:/work/microSites/airfrance_quiz/responders/editAnswers.php","REMOTE_PORT":"62952","GATEWAY_INTERFACE":"CGI/1.1","SERVER_PROTOCOL":"HTTP/1.1","REQUEST_METHOD":"POST","QUERY_STRING":"","REQUEST_URI":"/responders/editAnswers.php","SCRIPT_NAME":"/responders/editAnswers.php","PHP_SELF":"/responders/editAnswers.php","REQUEST_TIME":1375169858}', '{"user":"Meki","pass":"5eecef2e8f24258126a30af0895b4f6e","__utma":"106908307.1885209355.1374483393.1374748640.1375090012.10","__utmz":"106908307.1374483393.1.1.utmcsr=(direct)|utmccn=(direct)|utmcmd=(none)","PHPSESSID":"l1e72lhso1oe0cbt5kf55l28e7","__utmc":"106908307"}', '{"text-answer_hu":"Vu00e1lasz 44","text-answer_sk":"nincs","questionId":"1","editForm":"1"}', '{}'),
	(9, '2013-07-30 09:38:29', 'Sikertelen lekérdezés-&amp;gt;modelsHandler-&amp;gt;checkIfRecordExists: Unknown column &amp;#039;answer_hu&amp;#039; in &amp;#039;where clause&amp;#039;', 'null', '/responders/editAnswers.php', 'null', '{"user":"Meki","pass":"5eecef2e8f24258126a30af0895b4f6e","lang":"hu","errorInfo":["Sikertelen leku00e9rdezu00e9s-&amp;gt;modelsHandler-&amp;gt;checkIfRecordExists: Unknown column &amp;#039;answer_hu&amp;#039; in &amp;#039;where clause&amp;#039;","Sikertelen leku00e9rdezu00e9s-&amp;gt;modelsHandler-&amp;gt;fragger: Unknown column &amp;#039;answer_hu&amp;#039; in &amp;#039;field list&amp;#039;","Sikertelen leku00e9rdezu00e9s-&amp;gt;modelsHandler-&amp;gt;checkIfRecordExists: Unknown column &amp;#039;answer_hu&amp;#039; in &amp;#039;where clause&amp;#039;","Sikertelen leku00e9rdezu00e9s-&amp;gt;modelsHandler-&amp;gt;fragger: Unknown column &amp;#039;answer_hu&amp;#039; in &amp;#039;field list&amp;#039;"]}', '[]', '{"HTTP_HOST":"airfrance.quiz","HTTP_USER_AGENT":"Mozilla/5.0 (Windows NT 6.1; WOW64; rv:22.0) Gecko/20100101 Firefox/22.0","HTTP_ACCEPT":"*/*","HTTP_ACCEPT_LANGUAGE":"en-US,en;q=0.5","HTTP_ACCEPT_ENCODING":"gzip, deflate","CONTENT_TYPE":"application/x-www-form-urlencoded; charset=UTF-8","HTTP_X_REQUESTED_WITH":"XMLHttpRequest","HTTP_REFERER":"http://airfrance.quiz/throne/gamer/listAnswers/1.html","CONTENT_LENGTH":"74","HTTP_COOKIE":"user=Meki; pass=5eecef2e8f24258126a30af0895b4f6e; __utma=106908307.1885209355.1374483393.1374748640.1375090012.10; __utmz=106908307.1374483393.1.1.utmcsr=(direct)|utmccn=(direct)|utmcmd=(none); PHPSESSID=l1e72lhso1oe0cbt5kf55l28e7; __utmc=106908307","HTTP_CONNECTION":"keep-alive","HTTP_PRAGMA":"no-cache","HTTP_CACHE_CONTROL":"no-cache","PATH":"C:\\Program Files (x86)\\NVIDIA Corporation\\PhysX\\Common;C:\\Windows\\system32;C:\\Windows;C:\\Windows\\System32\\Wbem;C:\\Windows\\System32\\WindowsPowerShell\\v1.0\\;C:\\Program Files\\doxygen\\bin;C:\\Program Files\\TortoiseSVN\\bin;c:\\wamp\\bin\\mysql\\mysql5.5.24\\bin;c:\\wamp\\bin\\php\\php5.3.13;C:\\Program Files (x86)\\Git\\cmd;C:\\Users\\HinoraTestdev\\Desktop\\adt-bundle-windows-x86_64-20130522\\sdk\\platform-tools\\adb.exe;C:\\Program Files\\nodejs\\;","SystemRoot":"C:\\Windows","COMSPEC":"C:\\Windows\\system32\\cmd.exe","PATHEXT":".COM;.EXE;.BAT;.CMD;.VBS;.VBE;.JS;.JSE;.WSF;.WSH;.MSC","WINDIR":"C:\\Windows","SERVER_SIGNATURE":"","SERVER_SOFTWARE":"Apache/2.2.22 (Win64) PHP/5.3.13","SERVER_NAME":"airfrance.quiz","SERVER_ADDR":"127.0.0.1","SERVER_PORT":"80","REMOTE_ADDR":"127.0.0.1","DOCUMENT_ROOT":"D:/work/microSites/airfrance_quiz","SERVER_ADMIN":"webmaster@airfrance.quiz","SCRIPT_FILENAME":"D:/work/microSites/airfrance_quiz/responders/editAnswers.php","REMOTE_PORT":"62957","GATEWAY_INTERFACE":"CGI/1.1","SERVER_PROTOCOL":"HTTP/1.1","REQUEST_METHOD":"POST","QUERY_STRING":"","REQUEST_URI":"/responders/editAnswers.php","SCRIPT_NAME":"/responders/editAnswers.php","PHP_SELF":"/responders/editAnswers.php","REQUEST_TIME":1375169909}', '{"user":"Meki","pass":"5eecef2e8f24258126a30af0895b4f6e","__utma":"106908307.1885209355.1374483393.1374748640.1375090012.10","__utmz":"106908307.1374483393.1.1.utmcsr=(direct)|utmccn=(direct)|utmcmd=(none)","PHPSESSID":"l1e72lhso1oe0cbt5kf55l28e7","__utmc":"106908307"}', '{"text-answer_hu":"Vu00e1lasz 44","text-answer_sk":"nincs","questionId":"1","editForm":"1"}', '{}'),
	(10, '2013-07-30 09:38:29', 'Sikertelen lekérdezés-&amp;gt;modelsHandler-&amp;gt;fragger: Unknown column &amp;#039;answer_hu&amp;#039; in &amp;#039;field list&amp;#039;', 'null', '/responders/editAnswers.php', 'null', '{"user":"Meki","pass":"5eecef2e8f24258126a30af0895b4f6e","lang":"hu","errorInfo":["Sikertelen leku00e9rdezu00e9s-&amp;gt;modelsHandler-&amp;gt;checkIfRecordExists: Unknown column &amp;#039;answer_hu&amp;#039; in &amp;#039;where clause&amp;#039;","Sikertelen leku00e9rdezu00e9s-&amp;gt;modelsHandler-&amp;gt;fragger: Unknown column &amp;#039;answer_hu&amp;#039; in &amp;#039;field list&amp;#039;","Sikertelen leku00e9rdezu00e9s-&amp;gt;modelsHandler-&amp;gt;checkIfRecordExists: Unknown column &amp;#039;answer_hu&amp;#039; in &amp;#039;where clause&amp;#039;","Sikertelen leku00e9rdezu00e9s-&amp;gt;modelsHandler-&amp;gt;fragger: Unknown column &amp;#039;answer_hu&amp;#039; in &amp;#039;field list&amp;#039;","Sikertelen leku00e9rdezu00e9s-&amp;gt;modelsHandler-&amp;gt;checkIfRecordExists: Unknown column &amp;#039;answer_hu&amp;#039; in &amp;#039;where clause&amp;#039;"]}', '[]', '{"HTTP_HOST":"airfrance.quiz","HTTP_USER_AGENT":"Mozilla/5.0 (Windows NT 6.1; WOW64; rv:22.0) Gecko/20100101 Firefox/22.0","HTTP_ACCEPT":"*/*","HTTP_ACCEPT_LANGUAGE":"en-US,en;q=0.5","HTTP_ACCEPT_ENCODING":"gzip, deflate","CONTENT_TYPE":"application/x-www-form-urlencoded; charset=UTF-8","HTTP_X_REQUESTED_WITH":"XMLHttpRequest","HTTP_REFERER":"http://airfrance.quiz/throne/gamer/listAnswers/1.html","CONTENT_LENGTH":"74","HTTP_COOKIE":"user=Meki; pass=5eecef2e8f24258126a30af0895b4f6e; __utma=106908307.1885209355.1374483393.1374748640.1375090012.10; __utmz=106908307.1374483393.1.1.utmcsr=(direct)|utmccn=(direct)|utmcmd=(none); PHPSESSID=l1e72lhso1oe0cbt5kf55l28e7; __utmc=106908307","HTTP_CONNECTION":"keep-alive","HTTP_PRAGMA":"no-cache","HTTP_CACHE_CONTROL":"no-cache","PATH":"C:\\Program Files (x86)\\NVIDIA Corporation\\PhysX\\Common;C:\\Windows\\system32;C:\\Windows;C:\\Windows\\System32\\Wbem;C:\\Windows\\System32\\WindowsPowerShell\\v1.0\\;C:\\Program Files\\doxygen\\bin;C:\\Program Files\\TortoiseSVN\\bin;c:\\wamp\\bin\\mysql\\mysql5.5.24\\bin;c:\\wamp\\bin\\php\\php5.3.13;C:\\Program Files (x86)\\Git\\cmd;C:\\Users\\HinoraTestdev\\Desktop\\adt-bundle-windows-x86_64-20130522\\sdk\\platform-tools\\adb.exe;C:\\Program Files\\nodejs\\;","SystemRoot":"C:\\Windows","COMSPEC":"C:\\Windows\\system32\\cmd.exe","PATHEXT":".COM;.EXE;.BAT;.CMD;.VBS;.VBE;.JS;.JSE;.WSF;.WSH;.MSC","WINDIR":"C:\\Windows","SERVER_SIGNATURE":"","SERVER_SOFTWARE":"Apache/2.2.22 (Win64) PHP/5.3.13","SERVER_NAME":"airfrance.quiz","SERVER_ADDR":"127.0.0.1","SERVER_PORT":"80","REMOTE_ADDR":"127.0.0.1","DOCUMENT_ROOT":"D:/work/microSites/airfrance_quiz","SERVER_ADMIN":"webmaster@airfrance.quiz","SCRIPT_FILENAME":"D:/work/microSites/airfrance_quiz/responders/editAnswers.php","REMOTE_PORT":"62957","GATEWAY_INTERFACE":"CGI/1.1","SERVER_PROTOCOL":"HTTP/1.1","REQUEST_METHOD":"POST","QUERY_STRING":"","REQUEST_URI":"/responders/editAnswers.php","SCRIPT_NAME":"/responders/editAnswers.php","PHP_SELF":"/responders/editAnswers.php","REQUEST_TIME":1375169909}', '{"user":"Meki","pass":"5eecef2e8f24258126a30af0895b4f6e","__utma":"106908307.1885209355.1374483393.1374748640.1375090012.10","__utmz":"106908307.1374483393.1.1.utmcsr=(direct)|utmccn=(direct)|utmcmd=(none)","PHPSESSID":"l1e72lhso1oe0cbt5kf55l28e7","__utmc":"106908307"}', '{"text-answer_hu":"Vu00e1lasz 44","text-answer_sk":"nincs","questionId":"1","editForm":"1"}', '{}'),
	(11, '2013-07-30 09:41:59', 'Sikertelen lekérdezés-&amp;gt;modelsHandler-&amp;gt;fragger: Duplicate entry &amp;#039;1&amp;#039; for key &amp;#039;PRIMARY&amp;#039;', 'null', '/responders/editAnswers.php', 'null', '{"user":"Meki","pass":"5eecef2e8f24258126a30af0895b4f6e","lang":"hu"}', '[]', '{"HTTP_HOST":"airfrance.quiz","HTTP_USER_AGENT":"Mozilla/5.0 (Windows NT 6.1; WOW64; rv:22.0) Gecko/20100101 Firefox/22.0","HTTP_ACCEPT":"*/*","HTTP_ACCEPT_LANGUAGE":"en-US,en;q=0.5","HTTP_ACCEPT_ENCODING":"gzip, deflate","CONTENT_TYPE":"application/x-www-form-urlencoded; charset=UTF-8","HTTP_X_REQUESTED_WITH":"XMLHttpRequest","HTTP_REFERER":"http://airfrance.quiz/throne/gamer/listAnswers/1.html","CONTENT_LENGTH":"85","HTTP_COOKIE":"user=Meki; pass=5eecef2e8f24258126a30af0895b4f6e; __utma=106908307.1885209355.1374483393.1374748640.1375090012.10; __utmz=106908307.1374483393.1.1.utmcsr=(direct)|utmccn=(direct)|utmcmd=(none); PHPSESSID=l1e72lhso1oe0cbt5kf55l28e7; __utmc=106908307","HTTP_CONNECTION":"keep-alive","HTTP_PRAGMA":"no-cache","HTTP_CACHE_CONTROL":"no-cache","PATH":"C:\\Program Files (x86)\\NVIDIA Corporation\\PhysX\\Common;C:\\Windows\\system32;C:\\Windows;C:\\Windows\\System32\\Wbem;C:\\Windows\\System32\\WindowsPowerShell\\v1.0\\;C:\\Program Files\\doxygen\\bin;C:\\Program Files\\TortoiseSVN\\bin;c:\\wamp\\bin\\mysql\\mysql5.5.24\\bin;c:\\wamp\\bin\\php\\php5.3.13;C:\\Program Files (x86)\\Git\\cmd;C:\\Users\\HinoraTestdev\\Desktop\\adt-bundle-windows-x86_64-20130522\\sdk\\platform-tools\\adb.exe;C:\\Program Files\\nodejs\\;","SystemRoot":"C:\\Windows","COMSPEC":"C:\\Windows\\system32\\cmd.exe","PATHEXT":".COM;.EXE;.BAT;.CMD;.VBS;.VBE;.JS;.JSE;.WSF;.WSH;.MSC","WINDIR":"C:\\Windows","SERVER_SIGNATURE":"","SERVER_SOFTWARE":"Apache/2.2.22 (Win64) PHP/5.3.13","SERVER_NAME":"airfrance.quiz","SERVER_ADDR":"127.0.0.1","SERVER_PORT":"80","REMOTE_ADDR":"127.0.0.1","DOCUMENT_ROOT":"D:/work/microSites/airfrance_quiz","SERVER_ADMIN":"webmaster@airfrance.quiz","SCRIPT_FILENAME":"D:/work/microSites/airfrance_quiz/responders/editAnswers.php","REMOTE_PORT":"62990","GATEWAY_INTERFACE":"CGI/1.1","SERVER_PROTOCOL":"HTTP/1.1","REQUEST_METHOD":"POST","QUERY_STRING":"","REQUEST_URI":"/responders/editAnswers.php","SCRIPT_NAME":"/responders/editAnswers.php","PHP_SELF":"/responders/editAnswers.php","REQUEST_TIME":1375170119}', '{"user":"Meki","pass":"5eecef2e8f24258126a30af0895b4f6e","__utma":"106908307.1885209355.1374483393.1374748640.1375090012.10","__utmz":"106908307.1374483393.1.1.utmcsr=(direct)|utmccn=(direct)|utmcmd=(none)","PHPSESSID":"l1e72lhso1oe0cbt5kf55l28e7","__utmc":"106908307"}', '{"text-answer_hu":"Vu00e1lasz 44","text-answer_sk":"nincs","questionId":"1","answerId":"1","editForm":"1"}', '{}'),
	(12, '2013-07-30 09:42:42', 'Sikertelen lekérdezés-&amp;gt;modelsHandler-&amp;gt;fragger: Duplicate entry &amp;#039;3&amp;#039; for key &amp;#039;PRIMARY&amp;#039;', 'null', '/responders/editAnswers.php', 'null', '{"user":"Meki","pass":"5eecef2e8f24258126a30af0895b4f6e","lang":"hu","errorInfo":["Sikertelen leku00e9rdezu00e9s-&amp;gt;modelsHandler-&amp;gt;fragger: Duplicate entry &amp;#039;1&amp;#039; for key &amp;#039;PRIMARY&amp;#039;"]}', '[]', '{"HTTP_HOST":"airfrance.quiz","HTTP_USER_AGENT":"Mozilla/5.0 (Windows NT 6.1; WOW64; rv:22.0) Gecko/20100101 Firefox/22.0","HTTP_ACCEPT":"*/*","HTTP_ACCEPT_LANGUAGE":"en-US,en;q=0.5","HTTP_ACCEPT_ENCODING":"gzip, deflate","CONTENT_TYPE":"application/x-www-form-urlencoded; charset=UTF-8","HTTP_X_REQUESTED_WITH":"XMLHttpRequest","HTTP_REFERER":"http://airfrance.quiz/throne/gamer/listAnswers/1.html","CONTENT_LENGTH":"85","HTTP_COOKIE":"user=Meki; pass=5eecef2e8f24258126a30af0895b4f6e; __utma=106908307.1885209355.1374483393.1374748640.1375090012.10; __utmz=106908307.1374483393.1.1.utmcsr=(direct)|utmccn=(direct)|utmcmd=(none); PHPSESSID=l1e72lhso1oe0cbt5kf55l28e7; __utmc=106908307","HTTP_CONNECTION":"keep-alive","HTTP_PRAGMA":"no-cache","HTTP_CACHE_CONTROL":"no-cache","PATH":"C:\\Program Files (x86)\\NVIDIA Corporation\\PhysX\\Common;C:\\Windows\\system32;C:\\Windows;C:\\Windows\\System32\\Wbem;C:\\Windows\\System32\\WindowsPowerShell\\v1.0\\;C:\\Program Files\\doxygen\\bin;C:\\Program Files\\TortoiseSVN\\bin;c:\\wamp\\bin\\mysql\\mysql5.5.24\\bin;c:\\wamp\\bin\\php\\php5.3.13;C:\\Program Files (x86)\\Git\\cmd;C:\\Users\\HinoraTestdev\\Desktop\\adt-bundle-windows-x86_64-20130522\\sdk\\platform-tools\\adb.exe;C:\\Program Files\\nodejs\\;","SystemRoot":"C:\\Windows","COMSPEC":"C:\\Windows\\system32\\cmd.exe","PATHEXT":".COM;.EXE;.BAT;.CMD;.VBS;.VBE;.JS;.JSE;.WSF;.WSH;.MSC","WINDIR":"C:\\Windows","SERVER_SIGNATURE":"","SERVER_SOFTWARE":"Apache/2.2.22 (Win64) PHP/5.3.13","SERVER_NAME":"airfrance.quiz","SERVER_ADDR":"127.0.0.1","SERVER_PORT":"80","REMOTE_ADDR":"127.0.0.1","DOCUMENT_ROOT":"D:/work/microSites/airfrance_quiz","SERVER_ADMIN":"webmaster@airfrance.quiz","SCRIPT_FILENAME":"D:/work/microSites/airfrance_quiz/responders/editAnswers.php","REMOTE_PORT":"63002","GATEWAY_INTERFACE":"CGI/1.1","SERVER_PROTOCOL":"HTTP/1.1","REQUEST_METHOD":"POST","QUERY_STRING":"","REQUEST_URI":"/responders/editAnswers.php","SCRIPT_NAME":"/responders/editAnswers.php","PHP_SELF":"/responders/editAnswers.php","REQUEST_TIME":1375170162}', '{"user":"Meki","pass":"5eecef2e8f24258126a30af0895b4f6e","__utma":"106908307.1885209355.1374483393.1374748640.1375090012.10","__utmz":"106908307.1374483393.1.1.utmcsr=(direct)|utmccn=(direct)|utmcmd=(none)","PHPSESSID":"l1e72lhso1oe0cbt5kf55l28e7","__utmc":"106908307"}', '{"text-answer_hu":"Vu00e1lasz 42","text-answer_sk":"nincs","questionId":"1","answerId":"3","editForm":"1"}', '{}'),
	(13, '2013-07-30 17:33:56', 'Nem tömb-&amp;gt;tableHandler-&amp;gt;createSimpleTable', 'null', '/throne/gamer/listAnswers/7.html', '[]', '{"user":"Meki","pass":"5eecef2e8f24258126a30af0895b4f6e","lang":"hu"}', '{"class":"gamer","method":"listAnswers","var1":"7"}', '{"REDIRECT_STATUS":"200","HTTP_HOST":"airfrance.quiz","HTTP_USER_AGENT":"Mozilla/5.0 (Windows NT 6.1; WOW64; rv:22.0) Gecko/20100101 Firefox/22.0","HTTP_ACCEPT":"text/html,application/xhtml+xml,application/xml;q=0.9,*/*;q=0.8","HTTP_ACCEPT_LANGUAGE":"en-US,en;q=0.5","HTTP_ACCEPT_ENCODING":"gzip, deflate","HTTP_REFERER":"http://airfrance.quiz/throne/gamer/questionList/4.html","HTTP_COOKIE":"__utma=106908307.1885209355.1374483393.1375183879.1375195470.12; __utmz=106908307.1374483393.1.1.utmcsr=(direct)|utmccn=(direct)|utmcmd=(none); PHPSESSID=l1e72lhso1oe0cbt5kf55l28e7; __utmc=106908307","HTTP_CONNECTION":"keep-alive","PATH":"C:\\Program Files (x86)\\NVIDIA Corporation\\PhysX\\Common;C:\\Windows\\system32;C:\\Windows;C:\\Windows\\System32\\Wbem;C:\\Windows\\System32\\WindowsPowerShell\\v1.0\\;C:\\Program Files\\doxygen\\bin;C:\\Program Files\\TortoiseSVN\\bin;c:\\wamp\\bin\\mysql\\mysql5.5.24\\bin;c:\\wamp\\bin\\php\\php5.3.13;C:\\Program Files (x86)\\Git\\cmd;C:\\Users\\HinoraTestdev\\Desktop\\adt-bundle-windows-x86_64-20130522\\sdk\\platform-tools\\adb.exe;C:\\Program Files\\nodejs\\;","SystemRoot":"C:\\Windows","COMSPEC":"C:\\Windows\\system32\\cmd.exe","PATHEXT":".COM;.EXE;.BAT;.CMD;.VBS;.VBE;.JS;.JSE;.WSF;.WSH;.MSC","WINDIR":"C:\\Windows","SERVER_SIGNATURE":"","SERVER_SOFTWARE":"Apache/2.2.22 (Win64) PHP/5.3.13","SERVER_NAME":"airfrance.quiz","SERVER_ADDR":"127.0.0.1","SERVER_PORT":"80","REMOTE_ADDR":"127.0.0.1","DOCUMENT_ROOT":"D:/work/microSites/airfrance_quiz","SERVER_ADMIN":"webmaster@airfrance.quiz","SCRIPT_FILENAME":"D:/work/microSites/airfrance_quiz/throne.php","REMOTE_PORT":"52118","REDIRECT_QUERY_STRING":"class=gamer&method=listAnswers&var1=7","REDIRECT_URL":"/throne/gamer/listAnswers/7.html","GATEWAY_INTERFACE":"CGI/1.1","SERVER_PROTOCOL":"HTTP/1.1","REQUEST_METHOD":"GET","QUERY_STRING":"class=gamer&method=listAnswers&var1=7","REQUEST_URI":"/throne/gamer/listAnswers/7.html","SCRIPT_NAME":"/throne.php","PHP_SELF":"/throne.php","REQUEST_TIME":1375198436}', '{"__utma":"106908307.1885209355.1374483393.1375183879.1375195470.12","__utmz":"106908307.1374483393.1.1.utmcsr=(direct)|utmccn=(direct)|utmcmd=(none)","PHPSESSID":"l1e72lhso1oe0cbt5kf55l28e7","__utmc":"106908307"}', '{"class":"gamer","method":"listAnswers","var1":"7"}', 'null'),
	(14, '2013-08-02 14:21:11', 'A(z) &amp;quot;content_hu&amp;quot; mező érvénytelen adatot tartalmaz.', 'null', '/throne/content/newArticle.html', 'null', '{"user":"Meki","pass":"5eecef2e8f24258126a30af0895b4f6e","lang":"hu"}', '{"class":"content","method":"newArticle"}', '{"REDIRECT_STATUS":"200","HTTP_HOST":"airfrance.quiz","HTTP_USER_AGENT":"Mozilla/5.0 (Windows NT 6.1; WOW64; rv:22.0) Gecko/20100101 Firefox/22.0","HTTP_ACCEPT":"text/html,application/xhtml+xml,application/xml;q=0.9,*/*;q=0.8","HTTP_ACCEPT_LANGUAGE":"en-US,en;q=0.5","HTTP_ACCEPT_ENCODING":"gzip, deflate","HTTP_REFERER":"http://airfrance.quiz/throne/content/newArticle.html","HTTP_COOKIE":"__utma=106908307.1885209355.1374483393.1375423189.1375437084.15; __utmz=106908307.1374483393.1.1.utmcsr=(direct)|utmccn=(direct)|utmcmd=(none); PHPSESSID=6pmgfdc4dfh669r4pdi5hu57h0; __utmc=106908307","HTTP_CONNECTION":"keep-alive","CONTENT_TYPE":"multipart/form-data; boundary=---------------------------261621296014756","CONTENT_LENGTH":"1286","PATH":"C:\\Program Files (x86)\\NVIDIA Corporation\\PhysX\\Common;C:\\Windows\\system32;C:\\Windows;C:\\Windows\\System32\\Wbem;C:\\Windows\\System32\\WindowsPowerShell\\v1.0\\;C:\\Program Files\\doxygen\\bin;C:\\Program Files\\TortoiseSVN\\bin;c:\\wamp\\bin\\mysql\\mysql5.5.24\\bin;c:\\wamp\\bin\\php\\php5.3.13;C:\\Program Files (x86)\\Git\\cmd;C:\\Users\\HinoraTestdev\\Desktop\\adt-bundle-windows-x86_64-20130522\\sdk\\platform-tools\\adb.exe;C:\\Program Files\\nodejs\\;","SystemRoot":"C:\\Windows","COMSPEC":"C:\\Windows\\system32\\cmd.exe","PATHEXT":".COM;.EXE;.BAT;.CMD;.VBS;.VBE;.JS;.JSE;.WSF;.WSH;.MSC","WINDIR":"C:\\Windows","SERVER_SIGNATURE":"","SERVER_SOFTWARE":"Apache/2.2.22 (Win64) PHP/5.3.13","SERVER_NAME":"airfrance.quiz","SERVER_ADDR":"127.0.0.1","SERVER_PORT":"80","REMOTE_ADDR":"127.0.0.1","DOCUMENT_ROOT":"D:/work/microSites/airfrance_quiz","SERVER_ADMIN":"webmaster@airfrance.quiz","SCRIPT_FILENAME":"D:/work/microSites/airfrance_quiz/throne.php","REMOTE_PORT":"52201","REDIRECT_QUERY_STRING":"class=content&method=newArticle","REDIRECT_URL":"/throne/content/newArticle.html","GATEWAY_INTERFACE":"CGI/1.1","SERVER_PROTOCOL":"HTTP/1.1","REQUEST_METHOD":"POST","QUERY_STRING":"class=content&method=newArticle","REQUEST_URI":"/throne/content/newArticle.html","SCRIPT_NAME":"/throne.php","PHP_SELF":"/throne.php","REQUEST_TIME":1375446071}', '{"__utma":"106908307.1885209355.1374483393.1375423189.1375437084.15","__utmz":"106908307.1374483393.1.1.utmcsr=(direct)|utmccn=(direct)|utmcmd=(none)","PHPSESSID":"6pmgfdc4dfh669r4pdi5hu57h0","__utmc":"106908307"}', '{"class":"content","method":"newArticle","text-title_hu":"asdfasdf","text-metaKey_hu":"asfdasdf","text-metaDesc_hu":"asdfasdf","text-linkAlt_hu":"asdfasdf","textArea-content_hu":"","text-title_de":"asdfasdf","text-metaKey_de":"asdfasdf","text-metaDesc_de":"asdfasdf","text-linkAlt_de":"asdfasdf","textArea-content_de":"","submit-newArticle":""}', 'null'),
	(15, '2013-08-02 14:21:11', 'A(z) &amp;quot;content_de&amp;quot; mező érvénytelen adatot tartalmaz.', 'null', '/throne/content/newArticle.html', 'null', '{"user":"Meki","pass":"5eecef2e8f24258126a30af0895b4f6e","lang":"hu"}', '{"class":"content","method":"newArticle"}', '{"REDIRECT_STATUS":"200","HTTP_HOST":"airfrance.quiz","HTTP_USER_AGENT":"Mozilla/5.0 (Windows NT 6.1; WOW64; rv:22.0) Gecko/20100101 Firefox/22.0","HTTP_ACCEPT":"text/html,application/xhtml+xml,application/xml;q=0.9,*/*;q=0.8","HTTP_ACCEPT_LANGUAGE":"en-US,en;q=0.5","HTTP_ACCEPT_ENCODING":"gzip, deflate","HTTP_REFERER":"http://airfrance.quiz/throne/content/newArticle.html","HTTP_COOKIE":"__utma=106908307.1885209355.1374483393.1375423189.1375437084.15; __utmz=106908307.1374483393.1.1.utmcsr=(direct)|utmccn=(direct)|utmcmd=(none); PHPSESSID=6pmgfdc4dfh669r4pdi5hu57h0; __utmc=106908307","HTTP_CONNECTION":"keep-alive","CONTENT_TYPE":"multipart/form-data; boundary=---------------------------261621296014756","CONTENT_LENGTH":"1286","PATH":"C:\\Program Files (x86)\\NVIDIA Corporation\\PhysX\\Common;C:\\Windows\\system32;C:\\Windows;C:\\Windows\\System32\\Wbem;C:\\Windows\\System32\\WindowsPowerShell\\v1.0\\;C:\\Program Files\\doxygen\\bin;C:\\Program Files\\TortoiseSVN\\bin;c:\\wamp\\bin\\mysql\\mysql5.5.24\\bin;c:\\wamp\\bin\\php\\php5.3.13;C:\\Program Files (x86)\\Git\\cmd;C:\\Users\\HinoraTestdev\\Desktop\\adt-bundle-windows-x86_64-20130522\\sdk\\platform-tools\\adb.exe;C:\\Program Files\\nodejs\\;","SystemRoot":"C:\\Windows","COMSPEC":"C:\\Windows\\system32\\cmd.exe","PATHEXT":".COM;.EXE;.BAT;.CMD;.VBS;.VBE;.JS;.JSE;.WSF;.WSH;.MSC","WINDIR":"C:\\Windows","SERVER_SIGNATURE":"","SERVER_SOFTWARE":"Apache/2.2.22 (Win64) PHP/5.3.13","SERVER_NAME":"airfrance.quiz","SERVER_ADDR":"127.0.0.1","SERVER_PORT":"80","REMOTE_ADDR":"127.0.0.1","DOCUMENT_ROOT":"D:/work/microSites/airfrance_quiz","SERVER_ADMIN":"webmaster@airfrance.quiz","SCRIPT_FILENAME":"D:/work/microSites/airfrance_quiz/throne.php","REMOTE_PORT":"52201","REDIRECT_QUERY_STRING":"class=content&method=newArticle","REDIRECT_URL":"/throne/content/newArticle.html","GATEWAY_INTERFACE":"CGI/1.1","SERVER_PROTOCOL":"HTTP/1.1","REQUEST_METHOD":"POST","QUERY_STRING":"class=content&method=newArticle","REQUEST_URI":"/throne/content/newArticle.html","SCRIPT_NAME":"/throne.php","PHP_SELF":"/throne.php","REQUEST_TIME":1375446071}', '{"__utma":"106908307.1885209355.1374483393.1375423189.1375437084.15","__utmz":"106908307.1374483393.1.1.utmcsr=(direct)|utmccn=(direct)|utmcmd=(none)","PHPSESSID":"6pmgfdc4dfh669r4pdi5hu57h0","__utmc":"106908307"}', '{"class":"content","method":"newArticle","text-title_hu":"asdfasdf","text-metaKey_hu":"asfdasdf","text-metaDesc_hu":"asdfasdf","text-linkAlt_hu":"asdfasdf","textArea-content_hu":"","text-title_de":"asdfasdf","text-metaKey_de":"asdfasdf","text-metaDesc_de":"asdfasdf","text-linkAlt_de":"asdfasdf","textArea-content_de":"","submit-newArticle":""}', 'null'),
	(16, '2013-08-02 14:24:13', 'A(z) &amp;quot;content_hu&amp;quot; mező érvénytelen adatot tartalmaz.', 'null', '/throne/content/newArticle.html', 'null', '{"user":"Meki","pass":"5eecef2e8f24258126a30af0895b4f6e","lang":"hu"}', '{"class":"content","method":"newArticle"}', '{"REDIRECT_STATUS":"200","HTTP_HOST":"airfrance.quiz","HTTP_USER_AGENT":"Mozilla/5.0 (Windows NT 6.1; WOW64; rv:22.0) Gecko/20100101 Firefox/22.0","HTTP_ACCEPT":"text/html,application/xhtml+xml,application/xml;q=0.9,*/*;q=0.8","HTTP_ACCEPT_LANGUAGE":"en-US,en;q=0.5","HTTP_ACCEPT_ENCODING":"gzip, deflate","HTTP_REFERER":"http://airfrance.quiz/throne/content/newArticle.html","HTTP_COOKIE":"__utma=106908307.1885209355.1374483393.1375423189.1375437084.15; __utmz=106908307.1374483393.1.1.utmcsr=(direct)|utmccn=(direct)|utmcmd=(none); PHPSESSID=6pmgfdc4dfh669r4pdi5hu57h0; __utmc=106908307","HTTP_CONNECTION":"keep-alive","CONTENT_TYPE":"multipart/form-data; boundary=---------------------------261621296014756","CONTENT_LENGTH":"1286","PATH":"C:\\Program Files (x86)\\NVIDIA Corporation\\PhysX\\Common;C:\\Windows\\system32;C:\\Windows;C:\\Windows\\System32\\Wbem;C:\\Windows\\System32\\WindowsPowerShell\\v1.0\\;C:\\Program Files\\doxygen\\bin;C:\\Program Files\\TortoiseSVN\\bin;c:\\wamp\\bin\\mysql\\mysql5.5.24\\bin;c:\\wamp\\bin\\php\\php5.3.13;C:\\Program Files (x86)\\Git\\cmd;C:\\Users\\HinoraTestdev\\Desktop\\adt-bundle-windows-x86_64-20130522\\sdk\\platform-tools\\adb.exe;C:\\Program Files\\nodejs\\;","SystemRoot":"C:\\Windows","COMSPEC":"C:\\Windows\\system32\\cmd.exe","PATHEXT":".COM;.EXE;.BAT;.CMD;.VBS;.VBE;.JS;.JSE;.WSF;.WSH;.MSC","WINDIR":"C:\\Windows","SERVER_SIGNATURE":"","SERVER_SOFTWARE":"Apache/2.2.22 (Win64) PHP/5.3.13","SERVER_NAME":"airfrance.quiz","SERVER_ADDR":"127.0.0.1","SERVER_PORT":"80","REMOTE_ADDR":"127.0.0.1","DOCUMENT_ROOT":"D:/work/microSites/airfrance_quiz","SERVER_ADMIN":"webmaster@airfrance.quiz","SCRIPT_FILENAME":"D:/work/microSites/airfrance_quiz/throne.php","REMOTE_PORT":"52809","REDIRECT_QUERY_STRING":"class=content&method=newArticle","REDIRECT_URL":"/throne/content/newArticle.html","GATEWAY_INTERFACE":"CGI/1.1","SERVER_PROTOCOL":"HTTP/1.1","REQUEST_METHOD":"POST","QUERY_STRING":"class=content&method=newArticle","REQUEST_URI":"/throne/content/newArticle.html","SCRIPT_NAME":"/throne.php","PHP_SELF":"/throne.php","REQUEST_TIME":1375446252}', '{"__utma":"106908307.1885209355.1374483393.1375423189.1375437084.15","__utmz":"106908307.1374483393.1.1.utmcsr=(direct)|utmccn=(direct)|utmcmd=(none)","PHPSESSID":"6pmgfdc4dfh669r4pdi5hu57h0","__utmc":"106908307"}', '{"class":"content","method":"newArticle","text-title_hu":"asdfasdf","text-metaKey_hu":"asfdasdf","text-metaDesc_hu":"asdfasdf","text-linkAlt_hu":"asdfasdf","textArea-content_hu":"","text-title_de":"asdfasdf","text-metaKey_de":"asdfasdf","text-metaDesc_de":"asdfasdf","text-linkAlt_de":"asdfasdf","textArea-content_de":"","submit-newArticle":""}', 'null'),
	(17, '2013-08-02 14:24:13', 'A(z) &amp;quot;content_de&amp;quot; mező érvénytelen adatot tartalmaz.', 'null', '/throne/content/newArticle.html', 'null', '{"user":"Meki","pass":"5eecef2e8f24258126a30af0895b4f6e","lang":"hu"}', '{"class":"content","method":"newArticle"}', '{"REDIRECT_STATUS":"200","HTTP_HOST":"airfrance.quiz","HTTP_USER_AGENT":"Mozilla/5.0 (Windows NT 6.1; WOW64; rv:22.0) Gecko/20100101 Firefox/22.0","HTTP_ACCEPT":"text/html,application/xhtml+xml,application/xml;q=0.9,*/*;q=0.8","HTTP_ACCEPT_LANGUAGE":"en-US,en;q=0.5","HTTP_ACCEPT_ENCODING":"gzip, deflate","HTTP_REFERER":"http://airfrance.quiz/throne/content/newArticle.html","HTTP_COOKIE":"__utma=106908307.1885209355.1374483393.1375423189.1375437084.15; __utmz=106908307.1374483393.1.1.utmcsr=(direct)|utmccn=(direct)|utmcmd=(none); PHPSESSID=6pmgfdc4dfh669r4pdi5hu57h0; __utmc=106908307","HTTP_CONNECTION":"keep-alive","CONTENT_TYPE":"multipart/form-data; boundary=---------------------------261621296014756","CONTENT_LENGTH":"1286","PATH":"C:\\Program Files (x86)\\NVIDIA Corporation\\PhysX\\Common;C:\\Windows\\system32;C:\\Windows;C:\\Windows\\System32\\Wbem;C:\\Windows\\System32\\WindowsPowerShell\\v1.0\\;C:\\Program Files\\doxygen\\bin;C:\\Program Files\\TortoiseSVN\\bin;c:\\wamp\\bin\\mysql\\mysql5.5.24\\bin;c:\\wamp\\bin\\php\\php5.3.13;C:\\Program Files (x86)\\Git\\cmd;C:\\Users\\HinoraTestdev\\Desktop\\adt-bundle-windows-x86_64-20130522\\sdk\\platform-tools\\adb.exe;C:\\Program Files\\nodejs\\;","SystemRoot":"C:\\Windows","COMSPEC":"C:\\Windows\\system32\\cmd.exe","PATHEXT":".COM;.EXE;.BAT;.CMD;.VBS;.VBE;.JS;.JSE;.WSF;.WSH;.MSC","WINDIR":"C:\\Windows","SERVER_SIGNATURE":"","SERVER_SOFTWARE":"Apache/2.2.22 (Win64) PHP/5.3.13","SERVER_NAME":"airfrance.quiz","SERVER_ADDR":"127.0.0.1","SERVER_PORT":"80","REMOTE_ADDR":"127.0.0.1","DOCUMENT_ROOT":"D:/work/microSites/airfrance_quiz","SERVER_ADMIN":"webmaster@airfrance.quiz","SCRIPT_FILENAME":"D:/work/microSites/airfrance_quiz/throne.php","REMOTE_PORT":"52809","REDIRECT_QUERY_STRING":"class=content&method=newArticle","REDIRECT_URL":"/throne/content/newArticle.html","GATEWAY_INTERFACE":"CGI/1.1","SERVER_PROTOCOL":"HTTP/1.1","REQUEST_METHOD":"POST","QUERY_STRING":"class=content&method=newArticle","REQUEST_URI":"/throne/content/newArticle.html","SCRIPT_NAME":"/throne.php","PHP_SELF":"/throne.php","REQUEST_TIME":1375446252}', '{"__utma":"106908307.1885209355.1374483393.1375423189.1375437084.15","__utmz":"106908307.1374483393.1.1.utmcsr=(direct)|utmccn=(direct)|utmcmd=(none)","PHPSESSID":"6pmgfdc4dfh669r4pdi5hu57h0","__utmc":"106908307"}', '{"class":"content","method":"newArticle","text-title_hu":"asdfasdf","text-metaKey_hu":"asfdasdf","text-metaDesc_hu":"asdfasdf","text-linkAlt_hu":"asdfasdf","textArea-content_hu":"","text-title_de":"asdfasdf","text-metaKey_de":"asdfasdf","text-metaDesc_de":"asdfasdf","text-linkAlt_de":"asdfasdf","textArea-content_de":"","submit-newArticle":""}', 'null'),
	(18, '2013-08-02 14:24:30', 'A(z) &amp;quot;&amp;amp;nbsp;Tartalom&amp;quot; mező érvénytelen adatot tartalmaz.', 'null', '/throne/content/newArticle.html', 'null', '{"user":"Meki","pass":"5eecef2e8f24258126a30af0895b4f6e","lang":"hu","lastFormInputs":{"title_hu":"<img src="/img/flags/flag-hu.png" style="width: 28px">&nbsp;Cu00edm","metaKey_hu":"<img src="/img/flags/flag-hu.png" style="width: 28px">&nbsp;Kulcsszavak","metaDesc_hu":"<img src="/img/flags/flag-hu.png" style="width: 28px">&nbsp;Leu00edru00e1s","linkAlt_hu":"<img src="/img/flags/flag-hu.png" style="width: 28px">&nbsp;Link segu00e9dszu00f6veg","content_hu":"<img src="/img/flags/flag-hu.png" style="width: 28px">&nbsp;Tartalom","title_de":"<img src="/img/flags/flag-de.png" style="width: 28px">&nbsp;Cu00edm","metaKey_de":"<img src="/img/flags/flag-de.png" style="width: 28px">&nbsp;Kulcsszavak","metaDesc_de":"<img src="/img/flags/flag-de.png" style="width: 28px">&nbsp;Leu00edru00e1s","linkAlt_de":"<img src="/img/flags/flag-de.png" style="width: 28px">&nbsp;Link segu00e9dszu00f6veg","content_de":"<img src="/img/flags/flag-de.png" style="width: 28px">&nbsp;Tartalom"}}', '{"class":"content","method":"newArticle"}', '{"REDIRECT_STATUS":"200","HTTP_HOST":"airfrance.quiz","HTTP_USER_AGENT":"Mozilla/5.0 (Windows NT 6.1; WOW64; rv:22.0) Gecko/20100101 Firefox/22.0","HTTP_ACCEPT":"text/html,application/xhtml+xml,application/xml;q=0.9,*/*;q=0.8","HTTP_ACCEPT_LANGUAGE":"en-US,en;q=0.5","HTTP_ACCEPT_ENCODING":"gzip, deflate","HTTP_REFERER":"http://airfrance.quiz/throne/content/newArticle.html","HTTP_COOKIE":"__utma=106908307.1885209355.1374483393.1375423189.1375437084.15; __utmz=106908307.1374483393.1.1.utmcsr=(direct)|utmccn=(direct)|utmcmd=(none); PHPSESSID=6pmgfdc4dfh669r4pdi5hu57h0; __utmc=106908307","HTTP_CONNECTION":"keep-alive","CONTENT_TYPE":"multipart/form-data; boundary=---------------------------16737283482085","CONTENT_LENGTH":"1271","PATH":"C:\\Program Files (x86)\\NVIDIA Corporation\\PhysX\\Common;C:\\Windows\\system32;C:\\Windows;C:\\Windows\\System32\\Wbem;C:\\Windows\\System32\\WindowsPowerShell\\v1.0\\;C:\\Program Files\\doxygen\\bin;C:\\Program Files\\TortoiseSVN\\bin;c:\\wamp\\bin\\mysql\\mysql5.5.24\\bin;c:\\wamp\\bin\\php\\php5.3.13;C:\\Program Files (x86)\\Git\\cmd;C:\\Users\\HinoraTestdev\\Desktop\\adt-bundle-windows-x86_64-20130522\\sdk\\platform-tools\\adb.exe;C:\\Program Files\\nodejs\\;","SystemRoot":"C:\\Windows","COMSPEC":"C:\\Windows\\system32\\cmd.exe","PATHEXT":".COM;.EXE;.BAT;.CMD;.VBS;.VBE;.JS;.JSE;.WSF;.WSH;.MSC","WINDIR":"C:\\Windows","SERVER_SIGNATURE":"","SERVER_SOFTWARE":"Apache/2.2.22 (Win64) PHP/5.3.13","SERVER_NAME":"airfrance.quiz","SERVER_ADDR":"127.0.0.1","SERVER_PORT":"80","REMOTE_ADDR":"127.0.0.1","DOCUMENT_ROOT":"D:/work/microSites/airfrance_quiz","SERVER_ADMIN":"webmaster@airfrance.quiz","SCRIPT_FILENAME":"D:/work/microSites/airfrance_quiz/throne.php","REMOTE_PORT":"52884","REDIRECT_QUERY_STRING":"class=content&method=newArticle","REDIRECT_URL":"/throne/content/newArticle.html","GATEWAY_INTERFACE":"CGI/1.1","SERVER_PROTOCOL":"HTTP/1.1","REQUEST_METHOD":"POST","QUERY_STRING":"class=content&method=newArticle","REQUEST_URI":"/throne/content/newArticle.html","SCRIPT_NAME":"/throne.php","PHP_SELF":"/throne.php","REQUEST_TIME":1375446270}', '{"__utma":"106908307.1885209355.1374483393.1375423189.1375437084.15","__utmz":"106908307.1374483393.1.1.utmcsr=(direct)|utmccn=(direct)|utmcmd=(none)","PHPSESSID":"6pmgfdc4dfh669r4pdi5hu57h0","__utmc":"106908307"}', '{"class":"content","method":"newArticle","text-title_hu":"asfasdf","text-metaKey_hu":"asdfasdf","text-metaDesc_hu":"sadfsadf","text-linkAlt_hu":"asdfasdf","textArea-content_hu":"","text-title_de":"asdfasdf","text-metaKey_de":"asdfasdf","text-metaDesc_de":"sdfasdf","text-linkAlt_de":"sdfasdf","textArea-content_de":"","submit-newArticle":""}', 'null'),
	(19, '2013-08-02 14:24:30', 'A(z) &amp;quot;&amp;amp;nbsp;Tartalom&amp;quot; mező érvénytelen adatot tartalmaz.', 'null', '/throne/content/newArticle.html', 'null', '{"user":"Meki","pass":"5eecef2e8f24258126a30af0895b4f6e","lang":"hu","lastFormInputs":{"title_hu":"<img src="/img/flags/flag-hu.png" style="width: 28px">&nbsp;Cu00edm","metaKey_hu":"<img src="/img/flags/flag-hu.png" style="width: 28px">&nbsp;Kulcsszavak","metaDesc_hu":"<img src="/img/flags/flag-hu.png" style="width: 28px">&nbsp;Leu00edru00e1s","linkAlt_hu":"<img src="/img/flags/flag-hu.png" style="width: 28px">&nbsp;Link segu00e9dszu00f6veg","content_hu":"<img src="/img/flags/flag-hu.png" style="width: 28px">&nbsp;Tartalom","title_de":"<img src="/img/flags/flag-de.png" style="width: 28px">&nbsp;Cu00edm","metaKey_de":"<img src="/img/flags/flag-de.png" style="width: 28px">&nbsp;Kulcsszavak","metaDesc_de":"<img src="/img/flags/flag-de.png" style="width: 28px">&nbsp;Leu00edru00e1s","linkAlt_de":"<img src="/img/flags/flag-de.png" style="width: 28px">&nbsp;Link segu00e9dszu00f6veg","content_de":"<img src="/img/flags/flag-de.png" style="width: 28px">&nbsp;Tartalom"}}', '{"class":"content","method":"newArticle"}', '{"REDIRECT_STATUS":"200","HTTP_HOST":"airfrance.quiz","HTTP_USER_AGENT":"Mozilla/5.0 (Windows NT 6.1; WOW64; rv:22.0) Gecko/20100101 Firefox/22.0","HTTP_ACCEPT":"text/html,application/xhtml+xml,application/xml;q=0.9,*/*;q=0.8","HTTP_ACCEPT_LANGUAGE":"en-US,en;q=0.5","HTTP_ACCEPT_ENCODING":"gzip, deflate","HTTP_REFERER":"http://airfrance.quiz/throne/content/newArticle.html","HTTP_COOKIE":"__utma=106908307.1885209355.1374483393.1375423189.1375437084.15; __utmz=106908307.1374483393.1.1.utmcsr=(direct)|utmccn=(direct)|utmcmd=(none); PHPSESSID=6pmgfdc4dfh669r4pdi5hu57h0; __utmc=106908307","HTTP_CONNECTION":"keep-alive","CONTENT_TYPE":"multipart/form-data; boundary=---------------------------16737283482085","CONTENT_LENGTH":"1271","PATH":"C:\\Program Files (x86)\\NVIDIA Corporation\\PhysX\\Common;C:\\Windows\\system32;C:\\Windows;C:\\Windows\\System32\\Wbem;C:\\Windows\\System32\\WindowsPowerShell\\v1.0\\;C:\\Program Files\\doxygen\\bin;C:\\Program Files\\TortoiseSVN\\bin;c:\\wamp\\bin\\mysql\\mysql5.5.24\\bin;c:\\wamp\\bin\\php\\php5.3.13;C:\\Program Files (x86)\\Git\\cmd;C:\\Users\\HinoraTestdev\\Desktop\\adt-bundle-windows-x86_64-20130522\\sdk\\platform-tools\\adb.exe;C:\\Program Files\\nodejs\\;","SystemRoot":"C:\\Windows","COMSPEC":"C:\\Windows\\system32\\cmd.exe","PATHEXT":".COM;.EXE;.BAT;.CMD;.VBS;.VBE;.JS;.JSE;.WSF;.WSH;.MSC","WINDIR":"C:\\Windows","SERVER_SIGNATURE":"","SERVER_SOFTWARE":"Apache/2.2.22 (Win64) PHP/5.3.13","SERVER_NAME":"airfrance.quiz","SERVER_ADDR":"127.0.0.1","SERVER_PORT":"80","REMOTE_ADDR":"127.0.0.1","DOCUMENT_ROOT":"D:/work/microSites/airfrance_quiz","SERVER_ADMIN":"webmaster@airfrance.quiz","SCRIPT_FILENAME":"D:/work/microSites/airfrance_quiz/throne.php","REMOTE_PORT":"52884","REDIRECT_QUERY_STRING":"class=content&method=newArticle","REDIRECT_URL":"/throne/content/newArticle.html","GATEWAY_INTERFACE":"CGI/1.1","SERVER_PROTOCOL":"HTTP/1.1","REQUEST_METHOD":"POST","QUERY_STRING":"class=content&method=newArticle","REQUEST_URI":"/throne/content/newArticle.html","SCRIPT_NAME":"/throne.php","PHP_SELF":"/throne.php","REQUEST_TIME":1375446270}', '{"__utma":"106908307.1885209355.1374483393.1375423189.1375437084.15","__utmz":"106908307.1374483393.1.1.utmcsr=(direct)|utmccn=(direct)|utmcmd=(none)","PHPSESSID":"6pmgfdc4dfh669r4pdi5hu57h0","__utmc":"106908307"}', '{"class":"content","method":"newArticle","text-title_hu":"asfasdf","text-metaKey_hu":"asdfasdf","text-metaDesc_hu":"sadfsadf","text-linkAlt_hu":"asdfasdf","textArea-content_hu":"","text-title_de":"asdfasdf","text-metaKey_de":"asdfasdf","text-metaDesc_de":"sdfasdf","text-linkAlt_de":"sdfasdf","textArea-content_de":"","submit-newArticle":""}', 'null'),
	(20, '2013-08-02 14:25:32', 'A(z) &amp;quot;content_hu&amp;quot; mező érvénytelen adatot tartalmaz.', 'null', '/throne/content/newArticle.html', 'null', '{"user":"Meki","pass":"5eecef2e8f24258126a30af0895b4f6e","lang":"hu"}', '{"class":"content","method":"newArticle"}', '{"REDIRECT_STATUS":"200","HTTP_HOST":"airfrance.quiz","HTTP_USER_AGENT":"Mozilla/5.0 (Windows NT 6.1; WOW64; rv:22.0) Gecko/20100101 Firefox/22.0","HTTP_ACCEPT":"text/html,application/xhtml+xml,application/xml;q=0.9,*/*;q=0.8","HTTP_ACCEPT_LANGUAGE":"en-US,en;q=0.5","HTTP_ACCEPT_ENCODING":"gzip, deflate","HTTP_REFERER":"http://airfrance.quiz/throne/content/newArticle.html","HTTP_COOKIE":"__utma=106908307.1885209355.1374483393.1375423189.1375437084.15; __utmz=106908307.1374483393.1.1.utmcsr=(direct)|utmccn=(direct)|utmcmd=(none); PHPSESSID=6pmgfdc4dfh669r4pdi5hu57h0; __utmc=106908307","HTTP_CONNECTION":"keep-alive","CONTENT_TYPE":"multipart/form-data; boundary=---------------------------16737283482085","CONTENT_LENGTH":"1271","PATH":"C:\\Program Files (x86)\\NVIDIA Corporation\\PhysX\\Common;C:\\Windows\\system32;C:\\Windows;C:\\Windows\\System32\\Wbem;C:\\Windows\\System32\\WindowsPowerShell\\v1.0\\;C:\\Program Files\\doxygen\\bin;C:\\Program Files\\TortoiseSVN\\bin;c:\\wamp\\bin\\mysql\\mysql5.5.24\\bin;c:\\wamp\\bin\\php\\php5.3.13;C:\\Program Files (x86)\\Git\\cmd;C:\\Users\\HinoraTestdev\\Desktop\\adt-bundle-windows-x86_64-20130522\\sdk\\platform-tools\\adb.exe;C:\\Program Files\\nodejs\\;","SystemRoot":"C:\\Windows","COMSPEC":"C:\\Windows\\system32\\cmd.exe","PATHEXT":".COM;.EXE;.BAT;.CMD;.VBS;.VBE;.JS;.JSE;.WSF;.WSH;.MSC","WINDIR":"C:\\Windows","SERVER_SIGNATURE":"","SERVER_SOFTWARE":"Apache/2.2.22 (Win64) PHP/5.3.13","SERVER_NAME":"airfrance.quiz","SERVER_ADDR":"127.0.0.1","SERVER_PORT":"80","REMOTE_ADDR":"127.0.0.1","DOCUMENT_ROOT":"D:/work/microSites/airfrance_quiz","SERVER_ADMIN":"webmaster@airfrance.quiz","SCRIPT_FILENAME":"D:/work/microSites/airfrance_quiz/throne.php","REMOTE_PORT":"53089","REDIRECT_QUERY_STRING":"class=content&method=newArticle","REDIRECT_URL":"/throne/content/newArticle.html","GATEWAY_INTERFACE":"CGI/1.1","SERVER_PROTOCOL":"HTTP/1.1","REQUEST_METHOD":"POST","QUERY_STRING":"class=content&method=newArticle","REQUEST_URI":"/throne/content/newArticle.html","SCRIPT_NAME":"/throne.php","PHP_SELF":"/throne.php","REQUEST_TIME":1375446332}', '{"__utma":"106908307.1885209355.1374483393.1375423189.1375437084.15","__utmz":"106908307.1374483393.1.1.utmcsr=(direct)|utmccn=(direct)|utmcmd=(none)","PHPSESSID":"6pmgfdc4dfh669r4pdi5hu57h0","__utmc":"106908307"}', '{"class":"content","method":"newArticle","text-title_hu":"asfasdf","text-metaKey_hu":"asdfasdf","text-metaDesc_hu":"sadfsadf","text-linkAlt_hu":"asdfasdf","textArea-content_hu":"","text-title_de":"asdfasdf","text-metaKey_de":"asdfasdf","text-metaDesc_de":"sdfasdf","text-linkAlt_de":"sdfasdf","textArea-content_de":"","submit-newArticle":""}', 'null'),
	(21, '2013-08-02 14:25:32', 'A(z) &amp;quot;content_de&amp;quot; mező érvénytelen adatot tartalmaz.', 'null', '/throne/content/newArticle.html', 'null', '{"user":"Meki","pass":"5eecef2e8f24258126a30af0895b4f6e","lang":"hu"}', '{"class":"content","method":"newArticle"}', '{"REDIRECT_STATUS":"200","HTTP_HOST":"airfrance.quiz","HTTP_USER_AGENT":"Mozilla/5.0 (Windows NT 6.1; WOW64; rv:22.0) Gecko/20100101 Firefox/22.0","HTTP_ACCEPT":"text/html,application/xhtml+xml,application/xml;q=0.9,*/*;q=0.8","HTTP_ACCEPT_LANGUAGE":"en-US,en;q=0.5","HTTP_ACCEPT_ENCODING":"gzip, deflate","HTTP_REFERER":"http://airfrance.quiz/throne/content/newArticle.html","HTTP_COOKIE":"__utma=106908307.1885209355.1374483393.1375423189.1375437084.15; __utmz=106908307.1374483393.1.1.utmcsr=(direct)|utmccn=(direct)|utmcmd=(none); PHPSESSID=6pmgfdc4dfh669r4pdi5hu57h0; __utmc=106908307","HTTP_CONNECTION":"keep-alive","CONTENT_TYPE":"multipart/form-data; boundary=---------------------------16737283482085","CONTENT_LENGTH":"1271","PATH":"C:\\Program Files (x86)\\NVIDIA Corporation\\PhysX\\Common;C:\\Windows\\system32;C:\\Windows;C:\\Windows\\System32\\Wbem;C:\\Windows\\System32\\WindowsPowerShell\\v1.0\\;C:\\Program Files\\doxygen\\bin;C:\\Program Files\\TortoiseSVN\\bin;c:\\wamp\\bin\\mysql\\mysql5.5.24\\bin;c:\\wamp\\bin\\php\\php5.3.13;C:\\Program Files (x86)\\Git\\cmd;C:\\Users\\HinoraTestdev\\Desktop\\adt-bundle-windows-x86_64-20130522\\sdk\\platform-tools\\adb.exe;C:\\Program Files\\nodejs\\;","SystemRoot":"C:\\Windows","COMSPEC":"C:\\Windows\\system32\\cmd.exe","PATHEXT":".COM;.EXE;.BAT;.CMD;.VBS;.VBE;.JS;.JSE;.WSF;.WSH;.MSC","WINDIR":"C:\\Windows","SERVER_SIGNATURE":"","SERVER_SOFTWARE":"Apache/2.2.22 (Win64) PHP/5.3.13","SERVER_NAME":"airfrance.quiz","SERVER_ADDR":"127.0.0.1","SERVER_PORT":"80","REMOTE_ADDR":"127.0.0.1","DOCUMENT_ROOT":"D:/work/microSites/airfrance_quiz","SERVER_ADMIN":"webmaster@airfrance.quiz","SCRIPT_FILENAME":"D:/work/microSites/airfrance_quiz/throne.php","REMOTE_PORT":"53089","REDIRECT_QUERY_STRING":"class=content&method=newArticle","REDIRECT_URL":"/throne/content/newArticle.html","GATEWAY_INTERFACE":"CGI/1.1","SERVER_PROTOCOL":"HTTP/1.1","REQUEST_METHOD":"POST","QUERY_STRING":"class=content&method=newArticle","REQUEST_URI":"/throne/content/newArticle.html","SCRIPT_NAME":"/throne.php","PHP_SELF":"/throne.php","REQUEST_TIME":1375446332}', '{"__utma":"106908307.1885209355.1374483393.1375423189.1375437084.15","__utmz":"106908307.1374483393.1.1.utmcsr=(direct)|utmccn=(direct)|utmcmd=(none)","PHPSESSID":"6pmgfdc4dfh669r4pdi5hu57h0","__utmc":"106908307"}', '{"class":"content","method":"newArticle","text-title_hu":"asfasdf","text-metaKey_hu":"asdfasdf","text-metaDesc_hu":"sadfsadf","text-linkAlt_hu":"asdfasdf","textArea-content_hu":"","text-title_de":"asdfasdf","text-metaKey_de":"asdfasdf","text-metaDesc_de":"sdfasdf","text-linkAlt_de":"sdfasdf","textArea-content_de":"","submit-newArticle":""}', 'null'),
	(22, '2013-08-02 15:24:58', 'Sikertelen lekérdezés-&amp;gt;modelsHandler-&amp;gt;checkIfRecordExists: Unknown column &amp;#039;editForm&amp;#039; in &amp;#039;where clause&amp;#039;', 'null', '/throne/content/editArticle/1.html', 'null', '{"user":"Meki","pass":"5eecef2e8f24258126a30af0895b4f6e","lang":"hu","lastFormInputs":{"title_hu":"<img src="/img/flags/flag-hu.png" style="width: 28px">&nbsp;Cu00edm","metaKey_hu":"<img src="/img/flags/flag-hu.png" style="width: 28px">&nbsp;Kulcsszavak","metaDesc_hu":"<img src="/img/flags/flag-hu.png" style="width: 28px">&nbsp;Leu00edru00e1s","linkAlt_hu":"<img src="/img/flags/flag-hu.png" style="width: 28px">&nbsp;Link segu00e9dszu00f6veg","content_hu":"<img src="/img/flags/flag-hu.png" style="width: 28px">&nbsp;Tartalom","title_de":"<img src="/img/flags/flag-de.png" style="width: 28px">&nbsp;Cu00edm","metaKey_de":"<img src="/img/flags/flag-de.png" style="width: 28px">&nbsp;Kulcsszavak","metaDesc_de":"<img src="/img/flags/flag-de.png" style="width: 28px">&nbsp;Leu00edru00e1s","linkAlt_de":"<img src="/img/flags/flag-de.png" style="width: 28px">&nbsp;Link segu00e9dszu00f6veg","content_de":"<img src="/img/flags/flag-de.png" style="width: 28px">&nbsp;Tartalom"}}', '{"class":"content","method":"editArticle","var1":"1"}', '{"REDIRECT_STATUS":"200","HTTP_HOST":"airfrance.quiz","HTTP_USER_AGENT":"Mozilla/5.0 (Windows NT 6.1; WOW64; rv:22.0) Gecko/20100101 Firefox/22.0","HTTP_ACCEPT":"text/html,application/xhtml+xml,application/xml;q=0.9,*/*;q=0.8","HTTP_ACCEPT_LANGUAGE":"en-US,en;q=0.5","HTTP_ACCEPT_ENCODING":"gzip, deflate","HTTP_REFERER":"http://airfrance.quiz/throne/content/editArticle/1.html","HTTP_COOKIE":"__utma=106908307.1885209355.1374483393.1375423189.1375437084.15; __utmz=106908307.1374483393.1.1.utmcsr=(direct)|utmccn=(direct)|utmcmd=(none); PHPSESSID=6pmgfdc4dfh669r4pdi5hu57h0; __utmc=106908307","HTTP_CONNECTION":"keep-alive","CONTENT_TYPE":"multipart/form-data; boundary=---------------------------18925172148511","CONTENT_LENGTH":"1420","PATH":"C:\\Program Files (x86)\\NVIDIA Corporation\\PhysX\\Common;C:\\Windows\\system32;C:\\Windows;C:\\Windows\\System32\\Wbem;C:\\Windows\\System32\\WindowsPowerShell\\v1.0\\;C:\\Program Files\\doxygen\\bin;C:\\Program Files\\TortoiseSVN\\bin;c:\\wamp\\bin\\mysql\\mysql5.5.24\\bin;c:\\wamp\\bin\\php\\php5.3.13;C:\\Program Files (x86)\\Git\\cmd;C:\\Users\\HinoraTestdev\\Desktop\\adt-bundle-windows-x86_64-20130522\\sdk\\platform-tools\\adb.exe;C:\\Program Files\\nodejs\\;","SystemRoot":"C:\\Windows","COMSPEC":"C:\\Windows\\system32\\cmd.exe","PATHEXT":".COM;.EXE;.BAT;.CMD;.VBS;.VBE;.JS;.JSE;.WSF;.WSH;.MSC","WINDIR":"C:\\Windows","SERVER_SIGNATURE":"","SERVER_SOFTWARE":"Apache/2.2.22 (Win64) PHP/5.3.13","SERVER_NAME":"airfrance.quiz","SERVER_ADDR":"127.0.0.1","SERVER_PORT":"80","REMOTE_ADDR":"127.0.0.1","DOCUMENT_ROOT":"D:/work/microSites/airfrance_quiz","SERVER_ADMIN":"webmaster@airfrance.quiz","SCRIPT_FILENAME":"D:/work/microSites/airfrance_quiz/throne.php","REMOTE_PORT":"63580","REDIRECT_QUERY_STRING":"class=content&method=editArticle&var1=1","REDIRECT_URL":"/throne/content/editArticle/1.html","GATEWAY_INTERFACE":"CGI/1.1","SERVER_PROTOCOL":"HTTP/1.1","REQUEST_METHOD":"POST","QUERY_STRING":"class=content&method=editArticle&var1=1","REQUEST_URI":"/throne/content/editArticle/1.html","SCRIPT_NAME":"/throne.php","PHP_SELF":"/throne.php","REQUEST_TIME":1375449897}', '{"__utma":"106908307.1885209355.1374483393.1375423189.1375437084.15","__utmz":"106908307.1374483393.1.1.utmcsr=(direct)|utmccn=(direct)|utmcmd=(none)","PHPSESSID":"6pmgfdc4dfh669r4pdi5hu57h0","__utmc":"106908307"}', '{"class":"content","method":"editArticle","var1":"1","text-title_hu":"asfasdf","text-metaKey_hu":"asdfasdf","text-metaDesc_hu":"sadfsadf","text-linkAlt_hu":"asdfasdf","textArea-content_hu":"<p>sdsfgdsfgdfsgdsfg</p>","text-title_de":"asdfasdf","text-metaKey_de":"asdfasdf","text-metaDesc_de":"sdfasdf","text-linkAlt_de":"sdfasdf","textArea-content_de":"<p>sdfgsdfgsdfgsdfg</p>","submit-submitArticle":"","editForm":"1"}', '{}'),
	(23, '2013-08-02 15:24:59', 'Sikertelen lekérdezés-&amp;gt;modelsHandler-&amp;gt;fragger: Unknown column &amp;#039;editForm&amp;#039; in &amp;#039;field list&amp;#039;', 'null', '/throne/content/editArticle/1.html', 'null', '{"user":"Meki","pass":"5eecef2e8f24258126a30af0895b4f6e","lang":"hu","lastFormInputs":{"title_hu":"<img src="/img/flags/flag-hu.png" style="width: 28px">&nbsp;Cu00edm","metaKey_hu":"<img src="/img/flags/flag-hu.png" style="width: 28px">&nbsp;Kulcsszavak","metaDesc_hu":"<img src="/img/flags/flag-hu.png" style="width: 28px">&nbsp;Leu00edru00e1s","linkAlt_hu":"<img src="/img/flags/flag-hu.png" style="width: 28px">&nbsp;Link segu00e9dszu00f6veg","content_hu":"<img src="/img/flags/flag-hu.png" style="width: 28px">&nbsp;Tartalom","title_de":"<img src="/img/flags/flag-de.png" style="width: 28px">&nbsp;Cu00edm","metaKey_de":"<img src="/img/flags/flag-de.png" style="width: 28px">&nbsp;Kulcsszavak","metaDesc_de":"<img src="/img/flags/flag-de.png" style="width: 28px">&nbsp;Leu00edru00e1s","linkAlt_de":"<img src="/img/flags/flag-de.png" style="width: 28px">&nbsp;Link segu00e9dszu00f6veg","content_de":"<img src="/img/flags/flag-de.png" style="width: 28px">&nbsp;Tartalom"},"errorInfo":["Sikertelen leku00e9rdezu00e9s-&amp;gt;modelsHandler-&amp;gt;checkIfRecordExists: Unknown column &amp;#039;editForm&amp;#039; in &amp;#039;where clause&amp;#039;"]}', '{"class":"content","method":"editArticle","var1":"1"}', '{"REDIRECT_STATUS":"200","HTTP_HOST":"airfrance.quiz","HTTP_USER_AGENT":"Mozilla/5.0 (Windows NT 6.1; WOW64; rv:22.0) Gecko/20100101 Firefox/22.0","HTTP_ACCEPT":"text/html,application/xhtml+xml,application/xml;q=0.9,*/*;q=0.8","HTTP_ACCEPT_LANGUAGE":"en-US,en;q=0.5","HTTP_ACCEPT_ENCODING":"gzip, deflate","HTTP_REFERER":"http://airfrance.quiz/throne/content/editArticle/1.html","HTTP_COOKIE":"__utma=106908307.1885209355.1374483393.1375423189.1375437084.15; __utmz=106908307.1374483393.1.1.utmcsr=(direct)|utmccn=(direct)|utmcmd=(none); PHPSESSID=6pmgfdc4dfh669r4pdi5hu57h0; __utmc=106908307","HTTP_CONNECTION":"keep-alive","CONTENT_TYPE":"multipart/form-data; boundary=---------------------------18925172148511","CONTENT_LENGTH":"1420","PATH":"C:\\Program Files (x86)\\NVIDIA Corporation\\PhysX\\Common;C:\\Windows\\system32;C:\\Windows;C:\\Windows\\System32\\Wbem;C:\\Windows\\System32\\WindowsPowerShell\\v1.0\\;C:\\Program Files\\doxygen\\bin;C:\\Program Files\\TortoiseSVN\\bin;c:\\wamp\\bin\\mysql\\mysql5.5.24\\bin;c:\\wamp\\bin\\php\\php5.3.13;C:\\Program Files (x86)\\Git\\cmd;C:\\Users\\HinoraTestdev\\Desktop\\adt-bundle-windows-x86_64-20130522\\sdk\\platform-tools\\adb.exe;C:\\Program Files\\nodejs\\;","SystemRoot":"C:\\Windows","COMSPEC":"C:\\Windows\\system32\\cmd.exe","PATHEXT":".COM;.EXE;.BAT;.CMD;.VBS;.VBE;.JS;.JSE;.WSF;.WSH;.MSC","WINDIR":"C:\\Windows","SERVER_SIGNATURE":"","SERVER_SOFTWARE":"Apache/2.2.22 (Win64) PHP/5.3.13","SERVER_NAME":"airfrance.quiz","SERVER_ADDR":"127.0.0.1","SERVER_PORT":"80","REMOTE_ADDR":"127.0.0.1","DOCUMENT_ROOT":"D:/work/microSites/airfrance_quiz","SERVER_ADMIN":"webmaster@airfrance.quiz","SCRIPT_FILENAME":"D:/work/microSites/airfrance_quiz/throne.php","REMOTE_PORT":"63580","REDIRECT_QUERY_STRING":"class=content&method=editArticle&var1=1","REDIRECT_URL":"/throne/content/editArticle/1.html","GATEWAY_INTERFACE":"CGI/1.1","SERVER_PROTOCOL":"HTTP/1.1","REQUEST_METHOD":"POST","QUERY_STRING":"class=content&method=editArticle&var1=1","REQUEST_URI":"/throne/content/editArticle/1.html","SCRIPT_NAME":"/throne.php","PHP_SELF":"/throne.php","REQUEST_TIME":1375449897}', '{"__utma":"106908307.1885209355.1374483393.1375423189.1375437084.15","__utmz":"106908307.1374483393.1.1.utmcsr=(direct)|utmccn=(direct)|utmcmd=(none)","PHPSESSID":"6pmgfdc4dfh669r4pdi5hu57h0","__utmc":"106908307"}', '{"class":"content","method":"editArticle","var1":"1","text-title_hu":"asfasdf","text-metaKey_hu":"asdfasdf","text-metaDesc_hu":"sadfsadf","text-linkAlt_hu":"asdfasdf","textArea-content_hu":"<p>sdsfgdsfgdfsgdsfg</p>","text-title_de":"asdfasdf","text-metaKey_de":"asdfasdf","text-metaDesc_de":"sdfasdf","text-linkAlt_de":"sdfasdf","textArea-content_de":"<p>sdfgsdfgsdfgsdfg</p>","submit-submitArticle":"","editForm":"1"}', '{}'),
	(24, '2013-08-02 15:26:28', 'Sikertelen lekérdezés-&amp;gt;modelsHandler-&amp;gt;checkIfRecordExists: Unknown column &amp;#039;editForm&amp;#039; in &amp;#039;where clause&amp;#039;', 'null', '/throne/content/editArticle/1.html', 'null', '{"user":"Meki","pass":"5eecef2e8f24258126a30af0895b4f6e","lang":"hu","lastFormInputs":{"title_hu":"<img src="/img/flags/flag-hu.png" style="width: 28px">&nbsp;Cu00edm","metaKey_hu":"<img src="/img/flags/flag-hu.png" style="width: 28px">&nbsp;Kulcsszavak","metaDesc_hu":"<img src="/img/flags/flag-hu.png" style="width: 28px">&nbsp;Leu00edru00e1s","linkAlt_hu":"<img src="/img/flags/flag-hu.png" style="width: 28px">&nbsp;Link segu00e9dszu00f6veg","content_hu":"<img src="/img/flags/flag-hu.png" style="width: 28px">&nbsp;Tartalom","title_de":"<img src="/img/flags/flag-de.png" style="width: 28px">&nbsp;Cu00edm","metaKey_de":"<img src="/img/flags/flag-de.png" style="width: 28px">&nbsp;Kulcsszavak","metaDesc_de":"<img src="/img/flags/flag-de.png" style="width: 28px">&nbsp;Leu00edru00e1s","linkAlt_de":"<img src="/img/flags/flag-de.png" style="width: 28px">&nbsp;Link segu00e9dszu00f6veg","content_de":"<img src="/img/flags/flag-de.png" style="width: 28px">&nbsp;Tartalom"}}', '{"class":"content","method":"editArticle","var1":"1"}', '{"REDIRECT_STATUS":"200","HTTP_HOST":"airfrance.quiz","HTTP_USER_AGENT":"Mozilla/5.0 (Windows NT 6.1; WOW64; rv:22.0) Gecko/20100101 Firefox/22.0","HTTP_ACCEPT":"text/html,application/xhtml+xml,application/xml;q=0.9,*/*;q=0.8","HTTP_ACCEPT_LANGUAGE":"en-US,en;q=0.5","HTTP_ACCEPT_ENCODING":"gzip, deflate","HTTP_REFERER":"http://airfrance.quiz/throne/content/editArticle/1.html","HTTP_COOKIE":"__utma=106908307.1885209355.1374483393.1375423189.1375437084.15; __utmz=106908307.1374483393.1.1.utmcsr=(direct)|utmccn=(direct)|utmcmd=(none); PHPSESSID=6pmgfdc4dfh669r4pdi5hu57h0; __utmc=106908307","HTTP_CONNECTION":"keep-alive","CONTENT_TYPE":"multipart/form-data; boundary=---------------------------224113102126216","CONTENT_LENGTH":"1429","PATH":"C:\\Program Files (x86)\\NVIDIA Corporation\\PhysX\\Common;C:\\Windows\\system32;C:\\Windows;C:\\Windows\\System32\\Wbem;C:\\Windows\\System32\\WindowsPowerShell\\v1.0\\;C:\\Program Files\\doxygen\\bin;C:\\Program Files\\TortoiseSVN\\bin;c:\\wamp\\bin\\mysql\\mysql5.5.24\\bin;c:\\wamp\\bin\\php\\php5.3.13;C:\\Program Files (x86)\\Git\\cmd;C:\\Users\\HinoraTestdev\\Desktop\\adt-bundle-windows-x86_64-20130522\\sdk\\platform-tools\\adb.exe;C:\\Program Files\\nodejs\\;","SystemRoot":"C:\\Windows","COMSPEC":"C:\\Windows\\system32\\cmd.exe","PATHEXT":".COM;.EXE;.BAT;.CMD;.VBS;.VBE;.JS;.JSE;.WSF;.WSH;.MSC","WINDIR":"C:\\Windows","SERVER_SIGNATURE":"","SERVER_SOFTWARE":"Apache/2.2.22 (Win64) PHP/5.3.13","SERVER_NAME":"airfrance.quiz","SERVER_ADDR":"127.0.0.1","SERVER_PORT":"80","REMOTE_ADDR":"127.0.0.1","DOCUMENT_ROOT":"D:/work/microSites/airfrance_quiz","SERVER_ADMIN":"webmaster@airfrance.quiz","SCRIPT_FILENAME":"D:/work/microSites/airfrance_quiz/throne.php","REMOTE_PORT":"63853","REDIRECT_QUERY_STRING":"class=content&method=editArticle&var1=1","REDIRECT_URL":"/throne/content/editArticle/1.html","GATEWAY_INTERFACE":"CGI/1.1","SERVER_PROTOCOL":"HTTP/1.1","REQUEST_METHOD":"POST","QUERY_STRING":"class=content&method=editArticle&var1=1","REQUEST_URI":"/throne/content/editArticle/1.html","SCRIPT_NAME":"/throne.php","PHP_SELF":"/throne.php","REQUEST_TIME":1375449987}', '{"__utma":"106908307.1885209355.1374483393.1375423189.1375437084.15","__utmz":"106908307.1374483393.1.1.utmcsr=(direct)|utmccn=(direct)|utmcmd=(none)","PHPSESSID":"6pmgfdc4dfh669r4pdi5hu57h0","__utmc":"106908307"}', '{"class":"content","method":"editArticle","var1":"1","text-title_hu":"asfasdf","text-metaKey_hu":"asdfasdf","text-metaDesc_hu":"sadfsadf","text-linkAlt_hu":"asdfasdf","textArea-content_hu":"<p>asfasfasdfasdf</p>","text-title_de":"asdfasdf","text-metaKey_de":"asdfasdf","text-metaDesc_de":"sdfasdf","text-linkAlt_de":"sdfasdf","textArea-content_de":"<p>asdfasfasdfasdf</p>","submit-submitArticle":"","editForm":"1"}', '{}'),
	(25, '2013-08-02 15:26:28', 'Sikertelen lekérdezés-&amp;gt;modelsHandler-&amp;gt;fragger: Unknown column &amp;#039;editForm&amp;#039; in &amp;#039;field list&amp;#039;', 'null', '/throne/content/editArticle/1.html', 'null', '{"user":"Meki","pass":"5eecef2e8f24258126a30af0895b4f6e","lang":"hu","lastFormInputs":{"title_hu":"<img src="/img/flags/flag-hu.png" style="width: 28px">&nbsp;Cu00edm","metaKey_hu":"<img src="/img/flags/flag-hu.png" style="width: 28px">&nbsp;Kulcsszavak","metaDesc_hu":"<img src="/img/flags/flag-hu.png" style="width: 28px">&nbsp;Leu00edru00e1s","linkAlt_hu":"<img src="/img/flags/flag-hu.png" style="width: 28px">&nbsp;Link segu00e9dszu00f6veg","content_hu":"<img src="/img/flags/flag-hu.png" style="width: 28px">&nbsp;Tartalom","title_de":"<img src="/img/flags/flag-de.png" style="width: 28px">&nbsp;Cu00edm","metaKey_de":"<img src="/img/flags/flag-de.png" style="width: 28px">&nbsp;Kulcsszavak","metaDesc_de":"<img src="/img/flags/flag-de.png" style="width: 28px">&nbsp;Leu00edru00e1s","linkAlt_de":"<img src="/img/flags/flag-de.png" style="width: 28px">&nbsp;Link segu00e9dszu00f6veg","content_de":"<img src="/img/flags/flag-de.png" style="width: 28px">&nbsp;Tartalom"},"errorInfo":["Sikertelen leku00e9rdezu00e9s-&amp;gt;modelsHandler-&amp;gt;checkIfRecordExists: Unknown column &amp;#039;editForm&amp;#039; in &amp;#039;where clause&amp;#039;"]}', '{"class":"content","method":"editArticle","var1":"1"}', '{"REDIRECT_STATUS":"200","HTTP_HOST":"airfrance.quiz","HTTP_USER_AGENT":"Mozilla/5.0 (Windows NT 6.1; WOW64; rv:22.0) Gecko/20100101 Firefox/22.0","HTTP_ACCEPT":"text/html,application/xhtml+xml,application/xml;q=0.9,*/*;q=0.8","HTTP_ACCEPT_LANGUAGE":"en-US,en;q=0.5","HTTP_ACCEPT_ENCODING":"gzip, deflate","HTTP_REFERER":"http://airfrance.quiz/throne/content/editArticle/1.html","HTTP_COOKIE":"__utma=106908307.1885209355.1374483393.1375423189.1375437084.15; __utmz=106908307.1374483393.1.1.utmcsr=(direct)|utmccn=(direct)|utmcmd=(none); PHPSESSID=6pmgfdc4dfh669r4pdi5hu57h0; __utmc=106908307","HTTP_CONNECTION":"keep-alive","CONTENT_TYPE":"multipart/form-data; boundary=---------------------------224113102126216","CONTENT_LENGTH":"1429","PATH":"C:\\Program Files (x86)\\NVIDIA Corporation\\PhysX\\Common;C:\\Windows\\system32;C:\\Windows;C:\\Windows\\System32\\Wbem;C:\\Windows\\System32\\WindowsPowerShell\\v1.0\\;C:\\Program Files\\doxygen\\bin;C:\\Program Files\\TortoiseSVN\\bin;c:\\wamp\\bin\\mysql\\mysql5.5.24\\bin;c:\\wamp\\bin\\php\\php5.3.13;C:\\Program Files (x86)\\Git\\cmd;C:\\Users\\HinoraTestdev\\Desktop\\adt-bundle-windows-x86_64-20130522\\sdk\\platform-tools\\adb.exe;C:\\Program Files\\nodejs\\;","SystemRoot":"C:\\Windows","COMSPEC":"C:\\Windows\\system32\\cmd.exe","PATHEXT":".COM;.EXE;.BAT;.CMD;.VBS;.VBE;.JS;.JSE;.WSF;.WSH;.MSC","WINDIR":"C:\\Windows","SERVER_SIGNATURE":"","SERVER_SOFTWARE":"Apache/2.2.22 (Win64) PHP/5.3.13","SERVER_NAME":"airfrance.quiz","SERVER_ADDR":"127.0.0.1","SERVER_PORT":"80","REMOTE_ADDR":"127.0.0.1","DOCUMENT_ROOT":"D:/work/microSites/airfrance_quiz","SERVER_ADMIN":"webmaster@airfrance.quiz","SCRIPT_FILENAME":"D:/work/microSites/airfrance_quiz/throne.php","REMOTE_PORT":"63853","REDIRECT_QUERY_STRING":"class=content&method=editArticle&var1=1","REDIRECT_URL":"/throne/content/editArticle/1.html","GATEWAY_INTERFACE":"CGI/1.1","SERVER_PROTOCOL":"HTTP/1.1","REQUEST_METHOD":"POST","QUERY_STRING":"class=content&method=editArticle&var1=1","REQUEST_URI":"/throne/content/editArticle/1.html","SCRIPT_NAME":"/throne.php","PHP_SELF":"/throne.php","REQUEST_TIME":1375449987}', '{"__utma":"106908307.1885209355.1374483393.1375423189.1375437084.15","__utmz":"106908307.1374483393.1.1.utmcsr=(direct)|utmccn=(direct)|utmcmd=(none)","PHPSESSID":"6pmgfdc4dfh669r4pdi5hu57h0","__utmc":"106908307"}', '{"class":"content","method":"editArticle","var1":"1","text-title_hu":"asfasdf","text-metaKey_hu":"asdfasdf","text-metaDesc_hu":"sadfsadf","text-linkAlt_hu":"asdfasdf","textArea-content_hu":"<p>asfasfasdfasdf</p>","text-title_de":"asdfasdf","text-metaKey_de":"asdfasdf","text-metaDesc_de":"sdfasdf","text-linkAlt_de":"sdfasdf","textArea-content_de":"<p>asdfasfasdfasdf</p>","submit-submitArticle":"","editForm":"1"}', '{}'),
	(26, '2013-08-12 08:33:28', 'Nem tömb-&amp;gt;tableHandler-&amp;gt;createSimpleTable', 'null', '/throne/menu/main.html', '[]', '{"lastFormInputs":{"user":"felhasznu00e1lu00f3","pass":"jelszu00f3"},"user":"Meki","pass":"5eecef2e8f24258126a30af0895b4f6e","lang":"hu"}', '{"class":"menu","method":"main"}', '{"REDIRECT_STATUS":"200","HTTP_HOST":"airfrance.quiz","HTTP_USER_AGENT":"Mozilla/5.0 (Windows NT 6.1; WOW64; rv:22.0) Gecko/20100101 Firefox/22.0","HTTP_ACCEPT":"text/html,application/xhtml+xml,application/xml;q=0.9,*/*;q=0.8","HTTP_ACCEPT_LANGUAGE":"en-US,en;q=0.5","HTTP_ACCEPT_ENCODING":"gzip, deflate","HTTP_REFERER":"http://airfrance.quiz/throne/","HTTP_COOKIE":"__utma=106908307.1885209355.1374483393.1375437084.1376288269.16; __utmz=106908307.1374483393.1.1.utmcsr=(direct)|utmccn=(direct)|utmcmd=(none); PHPSESSID=6sk36cgqdd8nbk29gvjvt48rl7; __utmb=106908307.1.10.1376288269; __utmc=106908307","HTTP_CONNECTION":"keep-alive","PATH":"C:\\Program Files (x86)\\NVIDIA Corporation\\PhysX\\Common;C:\\Windows\\system32;C:\\Windows;C:\\Windows\\System32\\Wbem;C:\\Windows\\System32\\WindowsPowerShell\\v1.0\\;C:\\Program Files\\doxygen\\bin;C:\\Program Files\\TortoiseSVN\\bin;c:\\wamp\\bin\\mysql\\mysql5.5.24\\bin;c:\\wamp\\bin\\php\\php5.3.13;C:\\Program Files (x86)\\Git\\cmd;C:\\Users\\HinoraTestdev\\Desktop\\adt-bundle-windows-x86_64-20130522\\sdk\\platform-tools\\adb.exe;C:\\Program Files\\nodejs\\;","SystemRoot":"C:\\Windows","COMSPEC":"C:\\Windows\\system32\\cmd.exe","PATHEXT":".COM;.EXE;.BAT;.CMD;.VBS;.VBE;.JS;.JSE;.WSF;.WSH;.MSC","WINDIR":"C:\\Windows","SERVER_SIGNATURE":"","SERVER_SOFTWARE":"Apache/2.2.22 (Win64) PHP/5.3.13","SERVER_NAME":"airfrance.quiz","SERVER_ADDR":"127.0.0.1","SERVER_PORT":"80","REMOTE_ADDR":"127.0.0.1","DOCUMENT_ROOT":"D:/work/microSites/airfrance_quiz","SERVER_ADMIN":"webmaster@airfrance.quiz","SCRIPT_FILENAME":"D:/work/microSites/airfrance_quiz/throne.php","REMOTE_PORT":"49690","REDIRECT_QUERY_STRING":"class=menu&method=main","REDIRECT_URL":"/throne/menu/main.html","GATEWAY_INTERFACE":"CGI/1.1","SERVER_PROTOCOL":"HTTP/1.1","REQUEST_METHOD":"GET","QUERY_STRING":"class=menu&method=main","REQUEST_URI":"/throne/menu/main.html","SCRIPT_NAME":"/throne.php","PHP_SELF":"/throne.php","REQUEST_TIME":1376289208}', '{"__utma":"106908307.1885209355.1374483393.1375437084.1376288269.16","__utmz":"106908307.1374483393.1.1.utmcsr=(direct)|utmccn=(direct)|utmcmd=(none)","PHPSESSID":"6sk36cgqdd8nbk29gvjvt48rl7","__utmb":"106908307.1.10.1376288269","__utmc":"106908307"}', '{"class":"menu","method":"main"}', 'null'),
	(27, '2013-08-12 08:35:31', 'Nem tömb-&amp;gt;tableHandler-&amp;gt;createSimpleTable', 'null', '/throne/menu/main.html', '[]', '{"lastFormInputs":{"user":"felhasznu00e1lu00f3","pass":"jelszu00f3"},"user":"Meki","pass":"5eecef2e8f24258126a30af0895b4f6e","lang":"hu"}', '{"class":"menu","method":"main"}', '{"REDIRECT_STATUS":"200","HTTP_HOST":"airfrance.quiz","HTTP_USER_AGENT":"Mozilla/5.0 (Windows NT 6.1; WOW64; rv:22.0) Gecko/20100101 Firefox/22.0","HTTP_ACCEPT":"text/html,application/xhtml+xml,application/xml;q=0.9,*/*;q=0.8","HTTP_ACCEPT_LANGUAGE":"en-US,en;q=0.5","HTTP_ACCEPT_ENCODING":"gzip, deflate","HTTP_REFERER":"http://airfrance.quiz/throne/","HTTP_COOKIE":"__utma=106908307.1885209355.1374483393.1375437084.1376288269.16; __utmz=106908307.1374483393.1.1.utmcsr=(direct)|utmccn=(direct)|utmcmd=(none); PHPSESSID=6sk36cgqdd8nbk29gvjvt48rl7; __utmb=106908307.1.10.1376288269; __utmc=106908307","HTTP_CONNECTION":"keep-alive","PATH":"C:\\Program Files (x86)\\NVIDIA Corporation\\PhysX\\Common;C:\\Windows\\system32;C:\\Windows;C:\\Windows\\System32\\Wbem;C:\\Windows\\System32\\WindowsPowerShell\\v1.0\\;C:\\Program Files\\doxygen\\bin;C:\\Program Files\\TortoiseSVN\\bin;c:\\wamp\\bin\\mysql\\mysql5.5.24\\bin;c:\\wamp\\bin\\php\\php5.3.13;C:\\Program Files (x86)\\Git\\cmd;C:\\Users\\HinoraTestdev\\Desktop\\adt-bundle-windows-x86_64-20130522\\sdk\\platform-tools\\adb.exe;C:\\Program Files\\nodejs\\;","SystemRoot":"C:\\Windows","COMSPEC":"C:\\Windows\\system32\\cmd.exe","PATHEXT":".COM;.EXE;.BAT;.CMD;.VBS;.VBE;.JS;.JSE;.WSF;.WSH;.MSC","WINDIR":"C:\\Windows","SERVER_SIGNATURE":"","SERVER_SOFTWARE":"Apache/2.2.22 (Win64) PHP/5.3.13","SERVER_NAME":"airfrance.quiz","SERVER_ADDR":"127.0.0.1","SERVER_PORT":"80","REMOTE_ADDR":"127.0.0.1","DOCUMENT_ROOT":"D:/work/microSites/airfrance_quiz","SERVER_ADMIN":"webmaster@airfrance.quiz","SCRIPT_FILENAME":"D:/work/microSites/airfrance_quiz/throne.php","REMOTE_PORT":"49700","REDIRECT_QUERY_STRING":"class=menu&method=main","REDIRECT_URL":"/throne/menu/main.html","GATEWAY_INTERFACE":"CGI/1.1","SERVER_PROTOCOL":"HTTP/1.1","REQUEST_METHOD":"GET","QUERY_STRING":"class=menu&method=main","REQUEST_URI":"/throne/menu/main.html","SCRIPT_NAME":"/throne.php","PHP_SELF":"/throne.php","REQUEST_TIME":1376289331}', '{"__utma":"106908307.1885209355.1374483393.1375437084.1376288269.16","__utmz":"106908307.1374483393.1.1.utmcsr=(direct)|utmccn=(direct)|utmcmd=(none)","PHPSESSID":"6sk36cgqdd8nbk29gvjvt48rl7","__utmb":"106908307.1.10.1376288269","__utmc":"106908307"}', '{"class":"menu","method":"main"}', 'null'),
	(28, '2013-08-12 09:37:09', 'Érvénytelen bejelentkezési adatok', 'null', '/responders/throneLogin.php', 'null', '{"lastFormInputs":{"user":"felhasznu00e1lu00f3","pass":"jelszu00f3"}}', '[]', '{"HTTP_HOST":"airfrance.quiz","HTTP_CONNECTION":"keep-alive","CONTENT_LENGTH":"344","HTTP_ACCEPT":"*/*","HTTP_ORIGIN":"http://airfrance.quiz","HTTP_X_REQUESTED_WITH":"XMLHttpRequest","HTTP_USER_AGENT":"Mozilla/5.0 (Windows NT 6.1; WOW64) AppleWebKit/537.36 (KHTML, like Gecko) Chrome/28.0.1500.95 Safari/537.36","CONTENT_TYPE":"multipart/form-data; boundary=----WebKitFormBoundaryR6L3ZGc9Y1JzYs8x","HTTP_REFERER":"http://airfrance.quiz/throne/","HTTP_ACCEPT_ENCODING":"gzip,deflate,sdch","HTTP_ACCEPT_LANGUAGE":"en-US,en;q=0.8,hu;q=0.6","HTTP_COOKIE":"PHPSESSID=l9b17cvhl5fs3u3jd2mag02v17","PATH":"C:\\Program Files (x86)\\NVIDIA Corporation\\PhysX\\Common;C:\\Windows\\system32;C:\\Windows;C:\\Windows\\System32\\Wbem;C:\\Windows\\System32\\WindowsPowerShell\\v1.0\\;C:\\Program Files\\doxygen\\bin;C:\\Program Files\\TortoiseSVN\\bin;c:\\wamp\\bin\\mysql\\mysql5.5.24\\bin;c:\\wamp\\bin\\php\\php5.3.13;C:\\Program Files (x86)\\Git\\cmd;C:\\Users\\HinoraTestdev\\Desktop\\adt-bundle-windows-x86_64-20130522\\sdk\\platform-tools\\adb.exe;C:\\Program Files\\nodejs\\;","SystemRoot":"C:\\Windows","COMSPEC":"C:\\Windows\\system32\\cmd.exe","PATHEXT":".COM;.EXE;.BAT;.CMD;.VBS;.VBE;.JS;.JSE;.WSF;.WSH;.MSC","WINDIR":"C:\\Windows","SERVER_SIGNATURE":"","SERVER_SOFTWARE":"Apache/2.2.22 (Win64) PHP/5.3.13","SERVER_NAME":"airfrance.quiz","SERVER_ADDR":"127.0.0.1","SERVER_PORT":"80","REMOTE_ADDR":"127.0.0.1","DOCUMENT_ROOT":"D:/work/microSites/airfrance_quiz","SERVER_ADMIN":"webmaster@airfrance.quiz","SCRIPT_FILENAME":"D:/work/microSites/airfrance_quiz/responders/throneLogin.php","REMOTE_PORT":"50053","GATEWAY_INTERFACE":"CGI/1.1","SERVER_PROTOCOL":"HTTP/1.1","REQUEST_METHOD":"POST","QUERY_STRING":"","REQUEST_URI":"/responders/throneLogin.php","SCRIPT_NAME":"/responders/throneLogin.php","PHP_SELF":"/responders/throneLogin.php","REQUEST_TIME":1376293029}', '{"PHPSESSID":"l9b17cvhl5fs3u3jd2mag02v17"}', '{"text-user":"Meki","text-pass":"nincs","submit-login":""}', 'null'),
	(29, '2013-08-12 09:37:18', 'Érvénytelen bejelentkezési adatok', 'null', '/responders/throneLogin.php', 'null', '{"lastFormInputs":{"user":"felhasznu00e1lu00f3","pass":"jelszu00f3"},"errorInfo":["u00c9rvu00e9nytelen bejelentkezu00e9si adatok"]}', '[]', '{"HTTP_HOST":"airfrance.quiz","HTTP_CONNECTION":"keep-alive","CONTENT_LENGTH":"345","HTTP_ACCEPT":"*/*","HTTP_ORIGIN":"http://airfrance.quiz","HTTP_X_REQUESTED_WITH":"XMLHttpRequest","HTTP_USER_AGENT":"Mozilla/5.0 (Windows NT 6.1; WOW64) AppleWebKit/537.36 (KHTML, like Gecko) Chrome/28.0.1500.95 Safari/537.36","CONTENT_TYPE":"multipart/form-data; boundary=----WebKitFormBoundaryl8jHeDfAfutXHnFk","HTTP_REFERER":"http://airfrance.quiz/throne/","HTTP_ACCEPT_ENCODING":"gzip,deflate,sdch","HTTP_ACCEPT_LANGUAGE":"en-US,en;q=0.8,hu;q=0.6","HTTP_COOKIE":"PHPSESSID=l9b17cvhl5fs3u3jd2mag02v17","PATH":"C:\\Program Files (x86)\\NVIDIA Corporation\\PhysX\\Common;C:\\Windows\\system32;C:\\Windows;C:\\Windows\\System32\\Wbem;C:\\Windows\\System32\\WindowsPowerShell\\v1.0\\;C:\\Program Files\\doxygen\\bin;C:\\Program Files\\TortoiseSVN\\bin;c:\\wamp\\bin\\mysql\\mysql5.5.24\\bin;c:\\wamp\\bin\\php\\php5.3.13;C:\\Program Files (x86)\\Git\\cmd;C:\\Users\\HinoraTestdev\\Desktop\\adt-bundle-windows-x86_64-20130522\\sdk\\platform-tools\\adb.exe;C:\\Program Files\\nodejs\\;","SystemRoot":"C:\\Windows","COMSPEC":"C:\\Windows\\system32\\cmd.exe","PATHEXT":".COM;.EXE;.BAT;.CMD;.VBS;.VBE;.JS;.JSE;.WSF;.WSH;.MSC","WINDIR":"C:\\Windows","SERVER_SIGNATURE":"","SERVER_SOFTWARE":"Apache/2.2.22 (Win64) PHP/5.3.13","SERVER_NAME":"airfrance.quiz","SERVER_ADDR":"127.0.0.1","SERVER_PORT":"80","REMOTE_ADDR":"127.0.0.1","DOCUMENT_ROOT":"D:/work/microSites/airfrance_quiz","SERVER_ADMIN":"webmaster@airfrance.quiz","SCRIPT_FILENAME":"D:/work/microSites/airfrance_quiz/responders/throneLogin.php","REMOTE_PORT":"50057","GATEWAY_INTERFACE":"CGI/1.1","SERVER_PROTOCOL":"HTTP/1.1","REQUEST_METHOD":"POST","QUERY_STRING":"","REQUEST_URI":"/responders/throneLogin.php","SCRIPT_NAME":"/responders/throneLogin.php","PHP_SELF":"/responders/throneLogin.php","REQUEST_TIME":1376293037}', '{"PHPSESSID":"l9b17cvhl5fs3u3jd2mag02v17"}', '{"text-user":"Meki","text-pass":"nicsen","submit-login":""}', 'null');
/*!40000 ALTER TABLE `_log_error` ENABLE KEYS */;
/*!40101 SET SQL_MODE=IFNULL(@OLD_SQL_MODE, '') */;
/*!40014 SET FOREIGN_KEY_CHECKS=IF(@OLD_FOREIGN_KEY_CHECKS IS NULL, 1, @OLD_FOREIGN_KEY_CHECKS) */;
/*!40101 SET CHARACTER_SET_CLIENT=@OLD_CHARACTER_SET_CLIENT */;
